run_id,fingerprint,source_path,suite,dataset,experiment_id,experiment_name,model,model_family,mode,optimization,status,deployment_eligible,has_known_leakage,feature_count,train_rows,test_rows,roc_auc,avg_precision,accuracy,precision,recall,f1,fit_seconds,total_seconds,threshold,timestamp,strategy,notes,schema_version,has_provenance
4ec5dcd371da9450,1d5b70636eab5325b50dcb7294067a42eb6738ff1fd5c83b29cb8d4140a00c4f,general_pipeline/results_external/adult__baseline__catboost.json,external_benchmark,adult,adult__baseline__catboost,catboost,catboost,catboost,external,baseline,completed,True,False,14,16000,4000,0.9268095988154461,0.8243308075912387,0.87075,0.7791878172588832,0.6415882967607106,0.7037249283667621,1.602,1.623,0.5,2026-09-16 12:40:42,,,,False
d8155fa72b8e9b64,4d5f169ba7a262d8181e1ac7e1c7405401bc5e068554725475dd4a3ec127c36c,general_pipeline/results_external/adult__baseline__extra_trees.json,external_benchmark,adult,adult__baseline__extra_trees,extra_trees,extra_trees,extra_trees,external,baseline,completed,True,False,14,16000,4000,0.8956213122190437,0.7487735156744028,0.84875,0.7125603864734299,0.6165099268547545,0.6610644257703081,0.544,0.615,0.5,2026-09-16 12:40:39,,,,False
ad23b7d3b8a68126,baabcb440560d1a0b58a7a92d404c87b60497a8ace793624d328c23752dda568,general_pipeline/results_external/adult__baseline__hist_gradient_boosting.json,external_benchmark,adult,adult__baseline__hist_gradient_boosting,hist_gradient_boosting,hist_gradient_boosting,hist_gradient_boosting,external,baseline,completed,True,False,14,16000,4000,0.9250157357911729,0.8195328306542856,0.869,0.768944099378882,0.6468129571577848,0.70261066969353,0.321,0.347,0.5,2026-09-16 12:40:39,,,,False
c9846b54f46ce293,4a2e1ba6e214f36820eb82797b6f4a525f4457fcc0fcb6b873c6118153df91e8,general_pipeline/results_external/adult__baseline__lightgbm.json,external_benchmark,adult,adult__baseline__lightgbm,lightgbm,lightgbm,lightgbm,external,baseline,completed,True,False,14,16000,4000,0.9260747468108625,0.821939099142155,0.87025,0.7683823529411765,0.6551724137931034,0.7072758037225042,0.561,0.579,0.5,2026-09-16 12:40:40,,,,False
39b323c852602b19,a10ce307c3d68d14fd2cff88cf662dc23541625e52baaf9c2891a830e0a9c4c0,general_pipeline/results_external/adult__baseline__logistic_regression.json,external_benchmark,adult,adult__baseline__logistic_regression,logistic_regression,logistic_regression,logistic_regression,external,baseline,completed,True,False,14,16000,4000,0.8501688270972212,0.6828102912792505,0.825,0.7196581196581197,0.4399164054336468,0.5460440985732814,0.106,0.118,0.5,2026-09-16 12:40:37,,,,False
5ba77cae5e3a9f33,411acd0ddb8d76352eb11118eb5a7c01459bce34f3a9dd6015b7d978cef00349,general_pipeline/results_external/adult__baseline__random_forest.json,external_benchmark,adult,adult__baseline__random_forest,random_forest,random_forest,random_forest,external,baseline,completed,True,False,14,16000,4000,0.9066684728916874,0.7827950364595004,0.8555,0.7354037267080745,0.6185997910135841,0.6719636776390465,0.839,0.899,0.5,2026-09-16 12:40:38,,,,False
b55839f801eaae34,e085cc37a8a43b3fe62bfec5052463769c94148002f4c5b73147b192ebac0a75,general_pipeline/results_external/adult__baseline__xgboost.json,external_benchmark,adult,adult__baseline__xgboost,xgboost,xgboost,xgboost,external,baseline,completed,True,False,14,16000,4000,0.9224494196901193,0.8138590206743095,0.86725,0.7636138613861386,0.644723092998955,0.6991501416430594,0.122,0.133,0.5,2026-09-16 12:40:40,,,,False
e75acdfdafa1e05b,90f5c77527f9e45ac82bb20602c663ce5d615348d9d15245c6400c979ba43425,general_pipeline/results_external/adult__optimized__catboost.json,external_benchmark,adult,adult__optimized__catboost,catboost,catboost,catboost,external,optimized,completed,True,False,14,16000,4000,0.9274019444733465,0.8250870454728565,0.8715,0.7828863346104725,0.6405433646812957,0.7045977011494253,3.041,3.056,0.5,2026-09-16 12:40:52,,,,False
eb24cf255838dcd1,5840386d2ea3836490a811407d91431ec03a798f0ec3eac70576eaf86b8d853a,general_pipeline/results_external/adult__optimized__extra_trees.json,external_benchmark,adult,adult__optimized__extra_trees,extra_trees,extra_trees,extra_trees,external,optimized,completed,True,False,14,16000,4000,0.9074139699486736,0.7714187315145447,0.8495,0.7812995245641838,0.5151515151515151,0.6209068010075567,2.138,2.311,0.5,2026-09-16 12:40:46,,,,False
9e6ab22af61d5c69,1d09eeedf54f23fc2cf0f8468edd818be223356d6589035c55ae43b9e5a97f85,general_pipeline/results_external/adult__optimized__hist_gradient_boosting.json,external_benchmark,adult,adult__optimized__hist_gradient_boosting,hist_gradient_boosting,hist_gradient_boosting,hist_gradient_boosting,external,optimized,completed,True,False,14,16000,4000,0.9245839243912832,0.8186735293450366,0.867,0.7620221948212084,0.64576802507837,0.6990950226244343,0.718,0.781,0.5,2026-09-16 12:40:47,,,,False
b30c1fb32df59c9d,534a9d64d8bea1e578b1f46acd620a3c21b38ed10ea6892a11fb4a40710eef4a,general_pipeline/results_external/adult__optimized__lightgbm.json,external_benchmark,adult,adult__optimized__lightgbm,lightgbm,lightgbm,lightgbm,external,optimized,completed,True,False,14,16000,4000,0.9237316334214812,0.8159050600959544,0.869,0.783748361730013,0.6248693834900731,0.6953488372093023,0.974,0.998,0.5,2026-09-16 12:40:48,,,,False
98a8d9055326ef76,17d294214fdb14e3286a7f007c176d39eb365f19edd4c889ba6eefbf3f0b8586,general_pipeline/results_external/adult__optimized__logistic_regression.json,external_benchmark,adult,adult__optimized__logistic_regression,logistic_regression,logistic_regression,logistic_regression,external,optimized,completed,True,False,14,16000,4000,0.8501636762654134,0.682834034437446,0.825,0.7196581196581197,0.4399164054336468,0.5460440985732814,0.041,0.048,0.5,2026-09-16 12:40:42,,,,False
ed4516ba9d45391b,93d8e8e11b9e6f7d75c306a0bb4770be43127548f53fea00a29d3aedbaf8e832,general_pipeline/results_external/adult__optimized__random_forest.json,external_benchmark,adult,adult__optimized__random_forest,random_forest,random_forest,random_forest,external,optimized,completed,True,False,14,16000,4000,0.9151589323493183,0.8021786569988479,0.86775,0.7884097035040432,0.6112852664576802,0.6886403766921718,1.781,2.034,0.5,2026-09-16 12:40:44,,,,False
c19ce4b2f38bd96d,d73720246df6f49fc520376fa80bf25c2bb39fe556ef4b34712e49da69940025,general_pipeline/results_external/adult__optimized__xgboost.json,external_benchmark,adult,adult__optimized__xgboost,xgboost,xgboost,xgboost,external,optimized,completed,True,False,14,16000,4000,0.9262150211304291,0.8227189737563765,0.8705,0.7713226205191595,0.6520376175548589,0.7066817667044167,0.567,0.598,0.5,2026-09-16 12:40:49,,,,False
1a7d8674614a118f,0996dd927df7b04c2db5d6346be29612d2f82d14b45b0c9b39ab3d1a4fd76364,external_projects/adult_exp/results/ladder/01_safe_baseline_logistic.json,external_playbook,adult,1,baseline_logistic,logistic_regression,logistic_regression,safe,none,completed,True,False,14,16000,4000,0.8501688270972212,0.6828102912792505,0.825,0.7196581196581197,0.4399164054336468,0.5460440985732814,0.066,0.078,0.5,2026-09-16 13:25:59,,Floor: logistic regression on raw features.,,False
77a6331f63fbfe88,559097037e91be87f164f71aa2bdce0c54057195385847012963c5bf3cc41278,external_projects/adult_exp/results/ladder/10_safe_hist_gradient_boosting.json,external_playbook,adult,10,hist_gradient_boosting,hist_gradient_boosting,hist_gradient_boosting,safe,none,completed,True,False,50,16000,4000,0.92172195054446,0.8145589175450265,0.86875,0.7706766917293233,0.6426332288401254,0.7008547008547008,1.27,1.317,0.5,2026-09-16 13:28:36,,Sklearn HistGB on full FE (HyperAck exp 10).,,False
9807b037dc244e52,f57ac82866f0d8ef26f5b758f50d8518bc6c0ef9b37212f9e88a2eeaba47e8db,external_projects/adult_exp/results/ladder/11_safe_extra_trees_strong.json,external_playbook,adult,11,extra_trees_strong,extra_trees,extra_trees,safe,hand_tuned,completed,True,False,50,16000,4000,0.9011613752171506,0.7728852571461509,0.8515,0.7745839636913767,0.5350052246603971,0.6328800988875154,5.1,5.749,0.5,2026-09-16 13:28:48,,"Strong ExtraTrees (n=600, depth=14) on full FE.",,False
63704d586c386f90,0ef0cec7ca026a131bdfa9f29219f0ba00d1b7f494df42022c4d6cfb80fc90a1,external_projects/adult_exp/results/ladder/12_safe_calibrated_lgbm_threshold.json,external_playbook,adult,12,calibrated_lgbm_threshold,lightgbm,lightgbm,safe,isotonic_calibration,completed,True,False,50,16000,4000,0.9234524583374968,0.8177873011671383,0.8685,0.7710691823899372,0.6405433646812957,0.6997716894977168,36.469,36.9,0.5,2026-09-16 13:30:00,,Isotonic-calibrated LightGBM; threshold kept at 0.5 for ranking metrics.,,False
1a5fb8f817b3fe9b,c78a874df2ea16f28ac9775651854899ddefa5a7f921c2bafa655f679f0b66cd,external_projects/adult_exp/results/ladder/13_safe_stacking_ensemble.json,external_playbook,adult,13,stacking_ensemble,stacking_ensemble,ensemble,safe,oof_stacking,completed,True,False,50,16000,4000,0.9222948947358843,0.8189607362596932,0.8705,0.776796973518285,0.6436781609195402,0.704,43.61,45.203,0.5,2026-09-16 13:30:57,,ET+LGBM+XGB stacked with logistic meta-learner (HyperAck exp 13).,,False
14882adf36b5725b,2bd13ccfa227e41d54d3d9cb24ab89aa5fcef606abdd6910040a4092fe8aeea3,external_projects/adult_exp/results/ladder/14_safe_soft_vote_blend.json,external_playbook,adult,14,soft_vote_blend,soft_vote_blend,ensemble,safe,soft_probability_blend,completed,True,False,50,16000,4000,0.9196902907850588,0.8131703544296635,0.8685,0.800557880055788,0.599791013584117,0.6857825567502986,15.395,15.933,0.5,2026-09-16 13:31:23,,Soft-vote blend ET+LGBM+XGB (HyperAck exp 15 / optimized safe champion style).,,False
0454efb242cc59b6,07c37e5902e9762b0eae00425fc0f1816a9151c0ba857076364b7dc274d34749,external_projects/adult_exp/results/ladder/15_safe_leakage_honesty_check.json,external_playbook,adult,15,leakage_honesty_check,lightgbm,lightgbm,safe,none,completed,True,False,50,16000,4000,0.9239884882342984,0.8179242500982445,0.871,0.7801778907242694,0.6415882967607106,0.7041284403669725,6.506,6.625,0.5,2026-09-16 13:31:48,,Honesty marker: LightGBM on full FE under this mode. Compare safe vs unsafe of this id to measure leakage cost.,,False
347d3b2aa61590e7,cf1ffd9078f805aa95bbf09717b4d10be65fceac184a6bf895187008a7798a8d,external_projects/adult_exp/results/ladder/02_safe_baseline_lightgbm.json,external_playbook,adult,2,baseline_lightgbm,lightgbm,lightgbm,safe,none,completed,True,False,14,16000,4000,0.9260747468108625,0.821939099142155,0.87025,0.7683823529411765,0.6551724137931034,0.7072758037225042,0.832,0.848,0.5,2026-09-16 13:26:00,,Strong GBDT baseline on raw features (HyperAck exp 02).,,False
3a7a280672a175cc,91f5b9131fd8487dd0132e553d7598ef2b1246f2bf3ea0bfa05fd8e42a96b7e9,external_projects/adult_exp/results/ladder/03_safe_fe_log_transforms.json,external_playbook,adult,3,fe_log_transforms,lightgbm,lightgbm,safe,none,completed,True,False,22,16000,4000,0.9260747468108625,0.821939099142155,0.87025,0.7683823529411765,0.6551724137931034,0.7072758037225042,1.05,1.066,0.5,2026-09-16 13:26:02,,Add log1p transforms for skewed non-negative columns.,,False
82a02d3647ad074f,8008af6d52e56f99b8957154e9ced2cb0d8f2397bc2894322d26539155ebf103,external_projects/adult_exp/results/ladder/04_safe_fe_ratios.json,external_playbook,adult,4,fe_ratios,lightgbm,lightgbm,safe,none,completed,True,False,37,16000,4000,0.9237601346908179,0.8170527254389015,0.86825,0.76875,0.6426332288401254,0.7000569151963574,0.923,0.945,0.5,2026-09-16 13:26:05,,Add pairwise intensity ratios among high-variance features.,,False
747fc03da8bcd5ed,87b148b3e28541ae937135c66ba05c9b6c3233070dd03abcef2ba9e29c7b4616,external_projects/adult_exp/results/ladder/05_safe_fe_interactions.json,external_playbook,adult,5,fe_interactions,lightgbm,lightgbm,safe,none,completed,True,False,45,16000,4000,0.9229547162904671,0.8138765556400055,0.86825,0.7680798004987531,0.6436781609195402,0.7003979533826038,0.651,0.67,0.5,2026-09-16 13:26:08,,Multiplicative interactions among top-MI features.,,False
03be21066be3ae0c,e33fe619084223ad1e2e1c42716edaea9f77cb620d86a2fadab62843091fbcde,external_projects/adult_exp/results/ladder/06_safe_fe_full_clusters_bins.json,external_playbook,adult,6,fe_full_clusters_bins,lightgbm,lightgbm,safe,none,completed,True,False,50,16000,4000,0.9227720334556828,0.8173364813560104,0.86925,0.7679012345679013,0.6499477533960293,0.7040181097906055,0.765,0.786,0.5,2026-09-16 13:26:14,,Full FE: logs+ratios+interactions+KMeans clusters+quantile bins (train-fit).,,False
c02e9638796974a8,f6394774af5b1cb7f78e5b6e093f72341b278d247cf1ed1d95b7eabc5114f6fa,external_projects/adult_exp/results/ladder/07_safe_feature_selection_mi.json,external_playbook,adult,7,feature_selection_mi,lightgbm,lightgbm,safe,mutual_info_selection,completed,True,False,25,16000,4000,0.9101379015030471,0.7807536541747989,0.85625,0.7417721518987341,0.6123301985370951,0.6708643388666286,1.035,1.057,0.5,2026-09-16 13:26:25,,Keep top-MI subset of full FE matrix (HyperAck exp 07).,,False
3ff45989de6c0f68,ab71042f32ad9e0cd3a7afbfb6a9ee23eda38776955d02c55874bb9b08128789,external_projects/adult_exp/results/ladder/08_safe_tuned_xgboost.json,external_playbook,adult,8,tuned_xgboost,xgboost,xgboost,safe,RandomizedSearchCV_roc_auc,completed,True,False,50,16000,4000,0.9254628279920925,0.822537015087356,0.87325,0.7877237851662404,0.6436781609195402,0.7084531339850488,25.832,25.884,0.5,2026-09-16 13:26:56,,RandomizedSearchCV on XGBoost over full FE (HyperAck exp 08).,,False
f75b2db98c9dcbec,defaacadb5c49fdf5d321d323e4a3e22c976772b657c7f0b47acecaac6208f3c,external_projects/adult_exp/results/ladder/09_safe_tuned_lightgbm.json,external_playbook,adult,9,tuned_lightgbm,lightgbm,lightgbm,safe,RandomizedSearchCV_roc_auc,completed,True,False,50,16000,4000,0.9250840701598233,0.8206240615326835,0.871,0.7766624843161857,0.6468129571577848,0.7058152793614595,82.627,82.712,0.5,2026-09-16 13:28:24,,RandomizedSearchCV on LightGBM over full FE (HyperAck exp 09).,,False
ef51e299cd06f8db,9a0bfec26faa6687707facfc9ff83a40ce46e96dccaf731e85c43ca647a25ebf,external_projects/adult_exp/results/ladder/01_unsafe_baseline_logistic.json,external_playbook,adult,1,baseline_logistic,logistic_regression,logistic_regression,unsafe,none,completed,True,False,14,16000,4000,0.8501688270972212,0.6828102912792505,0.825,0.7196581196581197,0.4399164054336468,0.5460440985732814,0.169,0.193,0.5,2026-09-16 13:31:50,,Floor: logistic regression on raw features.,,False
d04b1102067bff16,916eb079f356c360f4d8cca972768984398936cd50512436c3cb1b0c7d395b81,external_projects/adult_exp/results/ladder/10_unsafe_hist_gradient_boosting.json,external_playbook,adult,10,hist_gradient_boosting,hist_gradient_boosting,hist_gradient_boosting,unsafe,none,completed,True,False,50,16000,4000,0.92172195054446,0.8145589175450265,0.86875,0.7706766917293233,0.6426332288401254,0.7008547008547008,1.514,1.571,0.5,2026-09-16 13:35:24,,Sklearn HistGB on full FE (HyperAck exp 10).,,False
23088e25d6072e9a,8802b51cf0d0e34bd0c13ca2713a870f90bc24589f5bdc8d062de016926a534d,external_projects/adult_exp/results/ladder/11_unsafe_extra_trees_strong.json,external_playbook,adult,11,extra_trees_strong,extra_trees,extra_trees,unsafe,hand_tuned,completed,True,False,50,16000,4000,0.9011613752171506,0.7728852571461509,0.8515,0.7745839636913767,0.5350052246603971,0.6328800988875154,1.566,1.732,0.5,2026-09-16 13:35:30,,"Strong ExtraTrees (n=600, depth=14) on full FE.",,False
4a283910993c96d0,18e8e2b8a140e0412810d83137259b428272b4359e116cf1288af7e43be57bcf,external_projects/adult_exp/results/ladder/12_unsafe_calibrated_lgbm_threshold.json,external_playbook,adult,12,calibrated_lgbm_threshold,lightgbm,lightgbm,unsafe,isotonic_calibration,completed,True,False,50,16000,4000,0.9234524583374968,0.8177873011671383,0.8685,0.7710691823899372,0.6405433646812957,0.6997716894977168,6.002,6.097,0.5,2026-09-16 13:35:41,,Isotonic-calibrated LightGBM; threshold kept at 0.5 for ranking metrics.,,False
828884fb6a4a206f,ca6db9ae1ae896407bd16c7785ce928b39177c8e76a221043232e0f5e9972e77,external_projects/adult_exp/results/ladder/13_unsafe_stacking_ensemble.json,external_playbook,adult,13,stacking_ensemble,stacking_ensemble,ensemble,unsafe,oof_stacking,completed,True,False,50,16000,4000,0.9222948947358843,0.8189607362596932,0.8705,0.776796973518285,0.6436781609195402,0.704,34.619,34.836,0.5,2026-09-16 13:36:20,,ET+LGBM+XGB stacked with logistic meta-learner (HyperAck exp 13).,,False
46f15927815522b5,eb3cd8194f6d3f23c60a87eb9543fa13282606e62900fb9743c5d8b83a1a57fa,external_projects/adult_exp/results/ladder/14_unsafe_soft_vote_blend.json,external_playbook,adult,14,soft_vote_blend,soft_vote_blend,ensemble,unsafe,soft_probability_blend,completed,True,False,50,16000,4000,0.9196902907850588,0.8131703544296635,0.8685,0.800557880055788,0.599791013584117,0.6857825567502986,5.33,5.584,0.5,2026-09-16 13:36:29,,Soft-vote blend ET+LGBM+XGB (HyperAck exp 15 / optimized safe champion style).,,False
e9991e8c955b481d,90cee4510747b03a02cfc77390a26c9e19fb749dc11afee933cbae7e25e885a5,external_projects/adult_exp/results/ladder/15_unsafe_leakage_honesty_check.json,external_playbook,adult,15,leakage_honesty_check,lightgbm,lightgbm,unsafe,none,completed,True,False,50,16000,4000,0.9239884882342984,0.8179242500982445,0.871,0.7801778907242694,0.6415882967607106,0.7041284403669725,3.522,3.567,0.5,2026-09-16 13:36:36,,Honesty marker: LightGBM on full FE under this mode. Compare safe vs unsafe of this id to measure leakage cost.,,False
25556424cd10f18d,ef0849eea187f0416788106f0c679f274b9af9653f96388f1b5f0e85a50256e2,external_projects/adult_exp/results/ladder/02_unsafe_baseline_lightgbm.json,external_playbook,adult,2,baseline_lightgbm,lightgbm,lightgbm,unsafe,none,completed,True,False,14,16000,4000,0.9260747468108625,0.821939099142155,0.87025,0.7683823529411765,0.6551724137931034,0.7072758037225042,1.213,1.25,0.5,2026-09-16 13:31:53,,Strong GBDT baseline on raw features (HyperAck exp 02).,,False
88b61d7d861d72a1,8343ef0bacf26934217a5ff21f2c8d0a0e138e2cf0270a90516be89af115e0e5,external_projects/adult_exp/results/ladder/03_unsafe_fe_log_transforms.json,external_playbook,adult,3,fe_log_transforms,lightgbm,lightgbm,unsafe,none,completed,True,False,22,16000,4000,0.9260747468108625,0.821939099142155,0.87025,0.7683823529411765,0.6551724137931034,0.7072758037225042,1.375,1.445,0.5,2026-09-16 13:31:57,,Add log1p transforms for skewed non-negative columns.,,False
0eaab35e1ebb0c51,91d1750f7d87213c1ecb57c73f9703549662ab7315883035fd0b9aec1672085f,external_projects/adult_exp/results/ladder/04_unsafe_fe_ratios.json,external_playbook,adult,4,fe_ratios,lightgbm,lightgbm,unsafe,none,completed,True,False,37,16000,4000,0.9237601346908179,0.8170527254389015,0.86825,0.76875,0.6426332288401254,0.7000569151963574,2.161,2.292,0.5,2026-09-16 13:32:03,,Add pairwise intensity ratios among high-variance features.,,False
023fee59b21068d5,dcf1a2ad16ec4cf5d4b76125bd7dd28fcfdb01c1fc0d1f1882e8bfd43a01dfb5,external_projects/adult_exp/results/ladder/05_unsafe_fe_interactions.json,external_playbook,adult,5,fe_interactions,lightgbm,lightgbm,unsafe,none,completed,True,False,45,16000,4000,0.9229547162904671,0.8138765556400055,0.86825,0.7680798004987531,0.6436781609195402,0.7003979533826038,1.204,1.274,0.5,2026-09-16 13:32:09,,Multiplicative interactions among top-MI features.,,False
e4b78e77bb4ac268,9732bead5bccc666ff5f35aa04e4dfcf7d75994244933602aebdc6382cb03d8f,external_projects/adult_exp/results/ladder/06_unsafe_fe_full_clusters_bins.json,external_playbook,adult,6,fe_full_clusters_bins,lightgbm,lightgbm,unsafe,none,completed,True,False,50,16000,4000,0.9227720334556828,0.8173364813560104,0.86925,0.7679012345679013,0.6499477533960293,0.7040181097906055,1.045,1.083,0.5,2026-09-16 13:32:16,,Full FE: logs+ratios+interactions+KMeans clusters+quantile bins (train-fit).,,False
998c20f8b912e0b0,d74dfd48c2bd374b475c1537a93a4e55bd1294df605d9330be5f1a6ec84c9ab9,external_projects/adult_exp/results/ladder/07_unsafe_feature_selection_mi.json,external_playbook,adult,7,feature_selection_mi,lightgbm,lightgbm,unsafe,mutual_info_selection,completed,True,False,25,16000,4000,0.9101379015030471,0.7807536541747989,0.85625,0.7417721518987341,0.6123301985370951,0.6708643388666286,1.828,1.862,0.5,2026-09-16 13:32:24,,Keep top-MI subset of full FE matrix (HyperAck exp 07).,,False
fcea529301cf3257,83a9b9eb677a9809fc60fcae68fcce7c7a1cc5e61c5417ee52b00c34d7c7616e,external_projects/adult_exp/results/ladder/08_unsafe_tuned_xgboost.json,external_playbook,adult,8,tuned_xgboost,xgboost,xgboost,unsafe,RandomizedSearchCV_roc_auc,completed,True,False,50,16000,4000,0.9254628279920925,0.822537015087356,0.87325,0.7877237851662404,0.6436781609195402,0.7084531339850488,54.039,54.13,0.5,2026-09-16 13:33:29,,RandomizedSearchCV on XGBoost over full FE (HyperAck exp 08).,,False
3aeb34c1539cc6ea,d6011b741bddd1fd2c11c82db65625c0301ec44e33004e48ae808cd2c8d30f59,external_projects/adult_exp/results/ladder/09_unsafe_tuned_lightgbm.json,external_playbook,adult,9,tuned_lightgbm,lightgbm,lightgbm,unsafe,RandomizedSearchCV_roc_auc,completed,True,False,50,16000,4000,0.9250840701598233,0.8206240615326835,0.871,0.7766624843161857,0.6468129571577848,0.7058152793614595,103.228,103.309,0.5,2026-09-16 13:35:18,,RandomizedSearchCV on LightGBM over full FE (HyperAck exp 09).,,False
c77e18dd7af565c3,964ab746b08d7a22870a62bc528b06023f836b0126e6490da9fd75672ee39523,general_pipeline/results_external/bank_marketing__baseline__catboost.json,external_benchmark,bank_marketing,bank_marketing__baseline__catboost,catboost,catboost,catboost,external,baseline,completed,False,True,16,16000,4000,0.9380698812323954,0.6395758810401758,0.909,0.6688311688311688,0.44017094017094016,0.5309278350515464,1.369,1.388,0.5,2026-09-16 12:40:56,,,,False
f1c6640d0fa835b9,9dbf4c12ca1c0fc99ec7202c2bcc8f66e209d7922170c2b35079e9c718ce77de,general_pipeline/results_external/bank_marketing__baseline__extra_trees.json,external_benchmark,bank_marketing,bank_marketing__baseline__extra_trees,extra_trees,extra_trees,extra_trees,external,baseline,completed,False,True,16,16000,4000,0.9246259473821762,0.5894316771679329,0.90375,0.6721991701244814,0.34615384615384615,0.45698166431593795,0.55,0.619,0.5,2026-09-16 12:40:54,,,,False
f2ac12c2fb9db031,b58b347b7800d7713910395c6a7560936f37848c10601985fba3eba56ecbcdbb,general_pipeline/results_external/bank_marketing__baseline__hist_gradient_boosting.json,external_benchmark,bank_marketing,bank_marketing__baseline__hist_gradient_boosting,hist_gradient_boosting,hist_gradient_boosting,hist_gradient_boosting,external,baseline,completed,False,True,16,16000,4000,0.9319004026676735,0.6049825018692201,0.908,0.6461988304093568,0.4722222222222222,0.5456790123456791,0.34,0.357,0.5,2026-09-16 12:40:54,,,,False
de41693afd8d1d81,9038b22b7196df978330ded1a5218e98490b97c40cf553c6a16b37c818d9448c,general_pipeline/results_external/bank_marketing__baseline__lightgbm.json,external_benchmark,bank_marketing,bank_marketing__baseline__lightgbm,lightgbm,lightgbm,lightgbm,external,baseline,completed,False,True,16,16000,4000,0.9318151019736522,0.6104402598147889,0.90825,0.6406685236768802,0.49145299145299143,0.5562273276904474,0.463,0.473,0.5,2026-09-16 12:40:55,,,,False
539d18b4dd8af79d,31b2f32bdf59ec5a132c8ce7407f7e20dfe3a4ca4af91852ebfd79d81dc264bd,general_pipeline/results_external/bank_marketing__baseline__logistic_regression.json,external_benchmark,bank_marketing,bank_marketing__baseline__logistic_regression,logistic_regression,logistic_regression,logistic_regression,external,baseline,completed,False,True,16,16000,4000,0.8910068869723456,0.5215244195656802,0.9,0.660377358490566,0.29914529914529914,0.4117647058823529,0.029,0.036,0.5,2026-09-16 12:40:52,,,,False
13cb213f6cc056b8,20727de7edd708d14b72125ecabecf59e634cea7aada71f3d312b832d2420155,general_pipeline/results_external/bank_marketing__baseline__random_forest.json,external_benchmark,bank_marketing,bank_marketing__baseline__random_forest,random_forest,random_forest,random_forest,external,baseline,completed,False,True,16,16000,4000,0.9299136829572845,0.6203755001846291,0.90775,0.6655518394648829,0.4252136752136752,0.5189048239895697,1.345,1.391,0.5,2026-09-16 12:40:53,,,,False
7c27eeb256722904,d38b72527a9dba8666bc92640c58dd36723008511823789b87bd585646ce5e49,general_pipeline/results_external/bank_marketing__baseline__xgboost.json,external_benchmark,bank_marketing,bank_marketing__baseline__xgboost,xgboost,xgboost,xgboost,external,baseline,completed,False,True,16,16000,4000,0.9281471721307509,0.6022597394403726,0.90625,0.628808864265928,0.48504273504273504,0.5476477683956574,0.114,0.124,0.5,2026-09-16 12:40:55,,,,False
f4dd6d443936920f,03afa9d8be41b4dca4c37a264eed3f1d869b93bbd6f0baa925018f077e3ca81e,general_pipeline/results_external/bank_marketing__optimized__catboost.json,external_benchmark,bank_marketing,bank_marketing__optimized__catboost,catboost,catboost,catboost,external,optimized,completed,False,True,16,16000,4000,0.9385538568013087,0.635268915135979,0.909,0.6656050955414012,0.4465811965811966,0.5345268542199488,3.25,3.265,0.5,2026-09-16 12:41:07,,,,False
9e3072503fe38ee9,ff8f774a94484fd7b2fc7934d1fcb8d8c1425656cca88b7bcd7c9d625e2edcad,general_pipeline/results_external/bank_marketing__optimized__extra_trees.json,external_benchmark,bank_marketing,bank_marketing__optimized__extra_trees,extra_trees,extra_trees,extra_trees,external,optimized,completed,False,True,16,16000,4000,0.9250467036424002,0.589167059459927,0.89675,0.7235772357723578,0.19017094017094016,0.3011844331641286,1.363,1.511,0.5,2026-09-16 12:41:01,,,,False
b9760b9d6789336e,5c0c8095d2d678218dbc86a4f44905672ce57ad062b8c421db20b2f6834e0623,general_pipeline/results_external/bank_marketing__optimized__hist_gradient_boosting.json,external_benchmark,bank_marketing,bank_marketing__optimized__hist_gradient_boosting,hist_gradient_boosting,hist_gradient_boosting,hist_gradient_boosting,external,optimized,completed,False,True,16,16000,4000,0.9335592289301234,0.6205665591179315,0.90475,0.6268221574344023,0.4594017094017094,0.530209617755857,0.592,0.633,0.5,2026-09-16 12:41:02,,,,False
569df979e2201298,5de373dcaa4dafd88c603cdc1f29f74890e85c8a0b6b1f25e7d3d987e9244530,general_pipeline/results_external/bank_marketing__optimized__lightgbm.json,external_benchmark,bank_marketing,bank_marketing__optimized__lightgbm,lightgbm,lightgbm,lightgbm,external,optimized,completed,False,True,16,16000,4000,0.932783053111479,0.6173840071216155,0.90725,0.659016393442623,0.42948717948717946,0.5200517464424321,1.107,1.139,0.5,2026-09-16 12:41:03,,,,False
c658143c40bc6ee6,ec126b68d1369d02c9af4ca11f1cb8781532eb8565c82dfda23f124a216b11ec,general_pipeline/results_external/bank_marketing__optimized__logistic_regression.json,external_benchmark,bank_marketing,bank_marketing__optimized__logistic_regression,logistic_regression,logistic_regression,logistic_regression,external,optimized,completed,False,True,16,16000,4000,0.8910056770334233,0.5215320540297945,0.9,0.660377358490566,0.29914529914529914,0.4117647058823529,0.156,0.162,0.5,2026-09-16 12:40:57,,,,False
d5ee6e26de7ae0cf,b23d94dc91e7e5ffc5b0b588bd78bdcd0c9ec67ad8963fae380200e8032fb0bc,general_pipeline/results_external/bank_marketing__optimized__random_forest.json,external_benchmark,bank_marketing,bank_marketing__optimized__random_forest,random_forest,random_forest,random_forest,external,optimized,completed,False,True,16,16000,4000,0.9326662940054786,0.6242490815640136,0.909,0.6911764705882353,0.4017094017094017,0.5081081081081081,2.886,3.001,0.5,2026-09-16 12:41:00,,,,False
45264a414e13dc85,d70db2cd1aad20c74d94ed9b4b2c02992291be50aa0ae81aeda0dae83a783c19,general_pipeline/results_external/bank_marketing__optimized__xgboost.json,external_benchmark,bank_marketing,bank_marketing__optimized__xgboost,xgboost,xgboost,xgboost,external,optimized,completed,False,True,16,16000,4000,0.9350256749039307,0.6294630682644375,0.9075,0.6432748538011696,0.4700854700854701,0.5432098765432098,0.672,0.706,0.5,2026-09-16 12:41:04,,,,False
50ac7f6c1c3a9d23,ba45652e012c7cc2ffd6825134376e3af06e396a279bc9649d3c6ce2ea9fffc4,external_projects/bank_marketing_exp/results/ladder/01_safe_baseline_logistic.json,external_playbook,bank_marketing,1,baseline_logistic,logistic_regression,logistic_regression,safe,none,completed,True,True,15,16000,4000,0.7260038863238184,0.3396557229364942,0.8905,0.65625,0.1346153846153846,0.22340425531914893,0.026,0.034,0.5,2026-09-16 13:36:39,,Floor: logistic regression on raw features.,,False
4f8746f5228ddd08,ed50aa378537eb5177df5c6def45e2fa5158182604479a6db234652672111a03,external_projects/bank_marketing_exp/results/ladder/10_safe_hist_gradient_boosting.json,external_playbook,bank_marketing,10,hist_gradient_boosting,hist_gradient_boosting,hist_gradient_boosting,safe,none,completed,True,True,51,16000,4000,0.799002223867739,0.4200498916942253,0.89275,0.6211180124223602,0.21367521367521367,0.3179650238473768,0.558,0.577,0.5,2026-09-16 13:38:54,,Sklearn HistGB on full FE (HyperAck exp 10).,,False
22cb51c96f23ae2c,3530ca123412c847d5a301947529731a89da4b68b6b82f1843b8dd3de24e75be,external_projects/bank_marketing_exp/results/ladder/11_safe_extra_trees_strong.json,external_playbook,bank_marketing,11,extra_trees_strong,extra_trees,extra_trees,safe,hand_tuned,completed,True,True,51,16000,4000,0.7923502821577567,0.4254134845512579,0.89225,0.635036496350365,0.1858974358974359,0.28760330578512394,2.752,2.971,0.5,2026-09-16 13:39:01,,"Strong ExtraTrees (n=600, depth=14) on full FE.",,False
bf3c37dd88d88db8,c2724e180388677fdd4ea5b88a404b44e7492cef3a2aa448fa0b31338253f23b,external_projects/bank_marketing_exp/results/ladder/12_safe_calibrated_lgbm_threshold.json,external_playbook,bank_marketing,12,calibrated_lgbm_threshold,lightgbm,lightgbm,safe,isotonic_calibration,completed,True,True,51,16000,4000,0.7929600913745873,0.42783820577796283,0.89425,0.6595744680851063,0.1987179487179487,0.3054187192118227,12.344,12.448,0.5,2026-09-16 13:39:20,,Isotonic-calibrated LightGBM; threshold kept at 0.5 for ranking metrics.,,False
477d80c9569b40eb,172aa402ebfc71d3e0529ceda72a5cb7fd69ff71be0e3d8c17895a5399166bae,external_projects/bank_marketing_exp/results/ladder/13_safe_stacking_ensemble.json,external_playbook,bank_marketing,13,stacking_ensemble,stacking_ensemble,ensemble,safe,oof_stacking,completed,True,True,51,16000,4000,0.7997526884842853,0.4385019458938616,0.89425,0.631578947368421,0.23076923076923078,0.3380281690140845,68.616,68.872,0.5,2026-09-16 13:40:33,,ET+LGBM+XGB stacked with logistic meta-learner (HyperAck exp 13).,,False
0cc2bc1e3d1f198c,a500e3390c7bfb5b02c280d0f3a096c415a6245f26ceb69b4a0bd4e07a3f2c64,external_projects/bank_marketing_exp/results/ladder/14_safe_soft_vote_blend.json,external_playbook,bank_marketing,14,soft_vote_blend,soft_vote_blend,ensemble,safe,soft_probability_blend,completed,True,True,51,16000,4000,0.800187056557385,0.4394766801320042,0.894,0.6466666666666666,0.20726495726495728,0.313915857605178,5.759,6.049,0.5,2026-09-16 13:40:43,,Soft-vote blend ET+LGBM+XGB (HyperAck exp 15 / optimized safe champion style).,,False
49a572c6c6d4976e,cea1a13e4283fc6d558e4eb1bcb63352baf654e43f336c1e600dfbd33a513b6f,external_projects/bank_marketing_exp/results/ladder/15_safe_leakage_honesty_check.json,external_playbook,bank_marketing,15,leakage_honesty_check,lightgbm,lightgbm,safe,none,completed,True,True,51,16000,4000,0.7919231737181908,0.43100611558305557,0.895,0.65,0.2222222222222222,0.33121019108280253,2.399,2.435,0.5,2026-09-16 13:40:49,,Honesty marker: LightGBM on full FE under this mode. Compare safe vs unsafe of this id to measure leakage cost.,,False
00ad0812ca49c8c9,2dbf764e6ce842058da217e12c2a58a7debe849f5db1b391709db7af047e5a76,external_projects/bank_marketing_exp/results/ladder/02_safe_baseline_lightgbm.json,external_playbook,bank_marketing,2,baseline_lightgbm,lightgbm,lightgbm,safe,none,completed,True,True,15,16000,4000,0.8028939924112631,0.424619579184035,0.891,0.5860215053763441,0.2329059829059829,0.3333333333333333,0.784,0.799,0.5,2026-09-16 13:36:41,,Strong GBDT baseline on raw features (HyperAck exp 02).,,False
1b3f2e0af26af886,55a3acb43137cf4d5fdb883b416d82c1cb52e414c60c2be7bd5acad1cd469eba,external_projects/bank_marketing_exp/results/ladder/03_safe_fe_log_transforms.json,external_playbook,bank_marketing,3,fe_log_transforms,lightgbm,lightgbm,safe,none,completed,True,True,23,16000,4000,0.8028939924112631,0.424619579184035,0.891,0.5860215053763441,0.2329059829059829,0.3333333333333333,0.55,0.564,0.5,2026-09-16 13:36:42,,Add log1p transforms for skewed non-negative columns.,,False
164ed64cca2cc587,058163d744dc6a711d997344a806ef6b9ca30e015b6d0e48b3d3cb5b7fbcb988,external_projects/bank_marketing_exp/results/ladder/04_safe_fe_ratios.json,external_playbook,bank_marketing,4,fe_ratios,lightgbm,lightgbm,safe,none,completed,True,True,38,16000,4000,0.7871569218185867,0.4189311977744892,0.89125,0.5804878048780487,0.25427350427350426,0.3536404160475483,0.958,0.974,0.5,2026-09-16 13:36:45,,Add pairwise intensity ratios among high-variance features.,,False
b0c3bb6e16f58245,68a5cc71a2384eadfc8e5dea4a65596ba692162b9e13eca5e0298e5387fce996,external_projects/bank_marketing_exp/results/ladder/05_safe_fe_interactions.json,external_playbook,bank_marketing,5,fe_interactions,lightgbm,lightgbm,safe,none,completed,True,True,46,16000,4000,0.7892498136694058,0.4243725995652706,0.895,0.6304347826086957,0.24786324786324787,0.3558282208588957,0.708,0.725,0.5,2026-09-16 13:36:47,,Multiplicative interactions among top-MI features.,,False
73390bd6c991a765,5ba42bcfbcf6c9526bfb4be8b610ef434c7b8c0c86ade6f172492b58556e3a90,external_projects/bank_marketing_exp/results/ladder/06_safe_fe_full_clusters_bins.json,external_playbook,bank_marketing,6,fe_full_clusters_bins,lightgbm,lightgbm,safe,none,completed,True,True,51,16000,4000,0.7877337601997851,0.42660290125604033,0.89425,0.6229508196721312,0.24358974358974358,0.35023041474654376,0.739,0.758,0.5,2026-09-16 13:36:52,,Full FE: logs+ratios+interactions+KMeans clusters+quantile bins (train-fit).,,False
813893c55b495da9,ceb226f4ffc8ee913744ef6b3807a6fd77b8f21658fa2ec1af3193da6a57fc48,external_projects/bank_marketing_exp/results/ladder/07_safe_feature_selection_mi.json,external_playbook,bank_marketing,7,feature_selection_mi,lightgbm,lightgbm,safe,mutual_info_selection,completed,True,True,25,16000,4000,0.7836662480277995,0.4048168835810818,0.88925,0.5675675675675675,0.22435897435897437,0.3215926493108729,0.729,0.745,0.5,2026-09-16 13:36:56,,Keep top-MI subset of full FE matrix (HyperAck exp 07).,,False
e407e8830c874c1d,d66fc5d2627adc7c32f6b4edaf5ddba526b9aa3208590e9fa099748c500780cd,external_projects/bank_marketing_exp/results/ladder/08_safe_tuned_xgboost.json,external_playbook,bank_marketing,8,tuned_xgboost,xgboost,xgboost,safe,RandomizedSearchCV_roc_auc,completed,True,True,51,16000,4000,0.7972511397624646,0.4358874855736103,0.8945,0.6597222222222222,0.202991452991453,0.3104575163398693,30.784,30.803,0.5,2026-09-16 13:37:32,,RandomizedSearchCV on XGBoost over full FE (HyperAck exp 08).,,False
51fcf7175873670a,dc1d615367755053c0a0215ee511cc7198ec8351ce7acf56b8b2a54cefaddbd0,external_projects/bank_marketing_exp/results/ladder/09_safe_tuned_lightgbm.json,external_playbook,bank_marketing,9,tuned_lightgbm,lightgbm,lightgbm,safe,RandomizedSearchCV_roc_auc,completed,True,True,51,16000,4000,0.7975832679966316,0.4401738857417322,0.895,0.6558441558441559,0.21581196581196582,0.3247588424437299,73.692,73.723,0.5,2026-09-16 13:38:49,,RandomizedSearchCV on LightGBM over full FE (HyperAck exp 09).,,False
f60defeb1295a15d,19bfc1fa07f06a1c911f6b3f22287e8a2ca25f2b508f81952aebb18efc6cbff1,external_projects/bank_marketing_exp/results/ladder/01_unsafe_baseline_logistic.json,external_playbook,bank_marketing,1,baseline_logistic,logistic_regression,logistic_regression,unsafe,none,completed,False,True,16,16000,4000,0.8910068869723456,0.5215244195656802,0.9,0.660377358490566,0.29914529914529914,0.4117647058823529,0.03,0.037,0.5,2026-09-16 13:40:50,,Floor: logistic regression on raw features.,,False
65fbaf158da9cbf5,a6a50fa600b1efca44af9be7676360d9163c8a2c72fa8a40e3d10a44fe5b3789,external_projects/bank_marketing_exp/results/ladder/10_unsafe_hist_gradient_boosting.json,external_playbook,bank_marketing,10,hist_gradient_boosting,hist_gradient_boosting,hist_gradient_boosting,unsafe,none,completed,False,True,53,16000,4000,0.9332125814288895,0.6339842205216927,0.90925,0.6512968299711815,0.4829059829059829,0.554601226993865,0.616,0.642,0.5,2026-09-16 13:43:26,,Sklearn HistGB on full FE (HyperAck exp 10).,,False
4e485291537e465f,279a70d3c3b6562df0dad9908e69c8bf7785dac4c5ab129fb37d96fc49ce63af,external_projects/bank_marketing_exp/results/ladder/11_unsafe_extra_trees_strong.json,external_playbook,bank_marketing,11,extra_trees_strong,extra_trees,extra_trees,unsafe,hand_tuned,completed,False,True,53,16000,4000,0.928297204557114,0.6100969098748092,0.90625,0.6882591093117408,0.36324786324786323,0.4755244755244755,5.828,6.179,0.5,2026-09-16 13:43:36,,"Strong ExtraTrees (n=600, depth=14) on full FE.",,False
fe9da51ba47857ef,8080283b551a2f7fc04d2f41c5181ecaf9b1390221a68d2eb09de85b472709ef,external_projects/bank_marketing_exp/results/ladder/12_unsafe_calibrated_lgbm_threshold.json,external_playbook,bank_marketing,12,calibrated_lgbm_threshold,lightgbm,lightgbm,unsafe,isotonic_calibration,completed,False,True,53,16000,4000,0.9339167658816583,0.6355507842239959,0.906,0.6277777777777778,0.4829059829059829,0.5458937198067633,34.517,34.826,0.5,2026-09-16 13:44:15,,Isotonic-calibrated LightGBM; threshold kept at 0.5 for ranking metrics.,,False
73951cb7f918c482,303bed01c3c5bb91803e5a6f68b985def66b1f22ec012c613253d61c17eccb2b,external_projects/bank_marketing_exp/results/ladder/13_unsafe_stacking_ensemble.json,external_playbook,bank_marketing,13,stacking_ensemble,stacking_ensemble,ensemble,unsafe,oof_stacking,completed,False,True,53,16000,4000,0.9345925167697534,0.6378243888517467,0.9105,0.6617647058823529,0.4807692307692308,0.556930693069307,31.622,31.873,0.5,2026-09-16 13:44:52,,ET+LGBM+XGB stacked with logistic meta-learner (HyperAck exp 13).,,False
aadd023a217e2d9f,6c020e17f7af3e68e61edd1316d072dc1c54b94e30ad0247805f5edbf42e2dd2,external_projects/bank_marketing_exp/results/ladder/14_unsafe_soft_vote_blend.json,external_playbook,bank_marketing,14,soft_vote_blend,soft_vote_blend,ensemble,unsafe,soft_probability_blend,completed,False,True,53,16000,4000,0.9345568235715461,0.6379013593013781,0.90975,0.6789297658862876,0.4337606837606838,0.529335071707953,7.837,8.129,0.5,2026-09-16 13:45:04,,Soft-vote blend ET+LGBM+XGB (HyperAck exp 15 / optimized safe champion style).,,False
f629b8bd74d76ccb,ac2af6f50df6ecc53b6c32601eab97952286187156e6e755a277dc1095c3144c,external_projects/bank_marketing_exp/results/ladder/15_unsafe_leakage_honesty_check.json,external_playbook,bank_marketing,15,leakage_honesty_check,lightgbm,lightgbm,unsafe,none,completed,False,True,53,16000,4000,0.9348562834548113,0.6225050233002816,0.90925,0.6567164179104478,0.4700854700854701,0.547945205479452,2.644,2.685,0.5,2026-09-16 13:45:10,,Honesty marker: LightGBM on full FE under this mode. Compare safe vs unsafe of this id to measure leakage cost.,,False
a3de7e508d2d6627,9015d20da6abff6f0b09154a6b9d86f0e667aeebe7aa767850ed8c9076a9b900,external_projects/bank_marketing_exp/results/ladder/02_unsafe_baseline_lightgbm.json,external_playbook,bank_marketing,2,baseline_lightgbm,lightgbm,lightgbm,unsafe,none,completed,False,True,16,16000,4000,0.9318151019736522,0.6104402598147889,0.90825,0.6406685236768802,0.49145299145299143,0.5562273276904474,0.855,0.87,0.5,2026-09-16 13:40:51,,Strong GBDT baseline on raw features (HyperAck exp 02).,,False
a41997a5f9bf5a69,2effb21d55fc00771b74c465249255b87238575b5c0fb1611907adce89809b0f,external_projects/bank_marketing_exp/results/ladder/03_unsafe_fe_log_transforms.json,external_playbook,bank_marketing,3,fe_log_transforms,lightgbm,lightgbm,unsafe,none,completed,False,True,25,16000,4000,0.9318151019736522,0.6104402598147889,0.90825,0.6406685236768802,0.49145299145299143,0.5562273276904474,0.873,0.891,0.5,2026-09-16 13:40:54,,Add log1p transforms for skewed non-negative columns.,,False
733b7b59ed1ce5a6,a2b18a48eed1af1f85d9d675b059614ca87b43056cf2dec8a950f41f0454e62e,external_projects/bank_marketing_exp/results/ladder/04_unsafe_fe_ratios.json,external_playbook,bank_marketing,4,fe_ratios,lightgbm,lightgbm,unsafe,none,completed,False,True,40,16000,4000,0.9336808277918132,0.6140438299088234,0.90975,0.6515580736543909,0.49145299145299143,0.5602923264311814,0.947,0.967,0.5,2026-09-16 13:40:56,,Add pairwise intensity ratios among high-variance features.,,False
f5b4f875ea98930d,57b7a07735f799fe0dbc4b9bdee473eef9e47025b1638252491eb149d88c2e77,external_projects/bank_marketing_exp/results/ladder/05_unsafe_fe_interactions.json,external_playbook,bank_marketing,5,fe_interactions,lightgbm,lightgbm,unsafe,none,completed,False,True,48,16000,4000,0.935299121100367,0.6302875035029282,0.91125,0.6591549295774648,0.5,0.56865127582017,1.219,1.24,0.5,2026-09-16 13:41:00,,Multiplicative interactions among top-MI features.,,False
a064a8b8f0e7dbc9,b3ee5e0132204e64358032d75e766f7de96e25b52f3ae049f6aee854aabf878d,external_projects/bank_marketing_exp/results/ladder/06_unsafe_fe_full_clusters_bins.json,external_playbook,bank_marketing,6,fe_full_clusters_bins,lightgbm,lightgbm,unsafe,none,completed,False,True,53,16000,4000,0.9336959520283414,0.6289773543336535,0.90975,0.6507042253521127,0.4935897435897436,0.5613608748481167,1.868,1.899,0.5,2026-09-16 13:41:06,,Full FE: logs+ratios+interactions+KMeans clusters+quantile bins (train-fit).,,False
29a5a441f9da6e33,f84029d5fcc1159e8a606dfdde0d0a1fa67d7e98984f9b3e341ca1cd0059c57a,external_projects/bank_marketing_exp/results/ladder/07_unsafe_feature_selection_mi.json,external_playbook,bank_marketing,7,feature_selection_mi,lightgbm,lightgbm,unsafe,mutual_info_selection,completed,False,True,25,16000,4000,0.9176621439149751,0.6205187229581929,0.906,0.652317880794702,0.42094017094017094,0.5116883116883116,0.681,0.697,0.5,2026-09-16 13:41:11,,Keep top-MI subset of full FE matrix (HyperAck exp 07).,,False
63c5fa2ff32aa688,f5f66a7868d9db3814229749e63d44caf1baac3902f40b5859d6e99e757c5025,external_projects/bank_marketing_exp/results/ladder/08_unsafe_tuned_xgboost.json,external_playbook,bank_marketing,8,tuned_xgboost,xgboost,xgboost,unsafe,RandomizedSearchCV_roc_auc,completed,False,True,53,16000,4000,0.9356639176854352,0.6410864932967727,0.909,0.6595092024539877,0.4594017094017094,0.5415617128463476,21.351,21.387,0.5,2026-09-16 13:41:37,,RandomizedSearchCV on XGBoost over full FE (HyperAck exp 08).,,False
f02a60a99da4d73f,c5d789e476f0a3ecd9878c4a0a7d6d0d4ef11681b15bfa1861317230a108113b,external_projects/bank_marketing_exp/results/ladder/09_unsafe_tuned_lightgbm.json,external_playbook,bank_marketing,9,tuned_lightgbm,lightgbm,lightgbm,unsafe,RandomizedSearchCV_roc_auc,completed,False,True,53,16000,4000,0.9353711124662426,0.623262752724396,0.9095,0.6586826347305389,0.4700854700854701,0.5486284289276808,99.717,99.76,0.5,2026-09-16 13:43:21,,RandomizedSearchCV on LightGBM over full FE (HyperAck exp 09).,,False
430a4fecffefc268,c406d875bfe1aee2874ea5f809cfce4bd6a174ba8951828d0c50375d59d0ac93,general_pipeline/results_external/breast_cancer__baseline__catboost.json,external_benchmark,breast_cancer,breast_cancer__baseline__catboost,catboost,catboost,catboost,external,baseline,completed,True,False,30,455,114,0.9986772486772486,0.9979296066252588,0.9649122807017544,1.0,0.9047619047619048,0.95,0.689,0.694,0.5,2026-09-16 12:41:09,,,,False
dccab6343ef2b53c,56ca59ee4a9def9d4b224a1d48b1f64b0a45582fa00599855a906863a2243d81,general_pipeline/results_external/breast_cancer__baseline__extra_trees.json,external_benchmark,breast_cancer,breast_cancer__baseline__extra_trees,extra_trees,extra_trees,extra_trees,external,baseline,completed,True,False,30,455,114,0.9986772486772487,0.997845804988662,0.9824561403508771,1.0,0.9523809523809523,0.975609756097561,0.136,0.172,0.5,2026-09-16 12:41:07,,,,False
9fc61385c8172838,d2121e7198a38b26ccc1efd341b75b0c9c6b3359c51b572e91151e97dd2fb653,general_pipeline/results_external/breast_cancer__baseline__hist_gradient_boosting.json,external_benchmark,breast_cancer,breast_cancer__baseline__hist_gradient_boosting,hist_gradient_boosting,hist_gradient_boosting,hist_gradient_boosting,external,baseline,completed,True,False,30,455,114,0.994047619047619,0.9925727353088128,0.9649122807017544,1.0,0.9047619047619048,0.95,0.219,0.224,0.5,2026-09-16 12:41:08,,,,False
3d32c2f2bc6cab0a,b0def2affc62f7ea4dde0bd4eaa1dd9843ea75079a6f27da2b15658ee9d2f1ff,general_pipeline/results_external/breast_cancer__baseline__lightgbm.json,external_benchmark,breast_cancer,breast_cancer__baseline__lightgbm,lightgbm,lightgbm,lightgbm,external,baseline,completed,True,False,30,455,114,0.9966931216931217,0.9954212454212454,0.9649122807017544,1.0,0.9047619047619048,0.95,0.267,0.272,0.5,2026-09-16 12:41:08,,,,False
a83a15189a5882f6,d705b36299f7b1d22cfa3220b1a5dee33dc2d759bd5fdffa3621070dbcdaca57,general_pipeline/results_external/breast_cancer__baseline__logistic_regression.json,external_benchmark,breast_cancer,breast_cancer__baseline__logistic_regression,logistic_regression,logistic_regression,logistic_regression,external,baseline,completed,True,False,30,455,114,0.996031746031746,0.994273631904294,0.9649122807017544,0.975,0.9285714285714286,0.9512195121951219,0.009,0.014,0.5,2026-09-16 12:41:07,,,,False
594e5dbed1979675,8c64a0f3250ac776ac3ff5e864a683313547c01b7e829e0d7b6c360af90e995c,general_pipeline/results_external/breast_cancer__baseline__random_forest.json,external_benchmark,breast_cancer,breast_cancer__baseline__random_forest,random_forest,random_forest,random_forest,external,baseline,completed,True,False,30,455,114,0.9943783068783069,0.9915844671201814,0.9736842105263158,1.0,0.9285714285714286,0.9629629629629629,0.216,0.248,0.5,2026-09-16 12:41:07,,,,False
0a5187563e0c328d,dce9936d4dee9f6c1d94938781d33bd0746bcb0e73135a2115376267e51d9128,general_pipeline/results_external/breast_cancer__baseline__xgboost.json,external_benchmark,breast_cancer,breast_cancer__baseline__xgboost,xgboost,xgboost,xgboost,external,baseline,completed,True,False,30,455,114,0.9940476190476191,0.9928571428571429,0.9736842105263158,1.0,0.9285714285714286,0.9629629629629629,0.026,0.03,0.5,2026-09-16 12:41:08,,,,False
4ea383fb9d13e932,8059283f224fca424175a97de840a01faeb5b211a5c3b8b47f77264326fc9046,general_pipeline/results_external/breast_cancer__optimized__catboost.json,external_benchmark,breast_cancer,breast_cancer__optimized__catboost,catboost,catboost,catboost,external,optimized,completed,True,False,30,455,114,0.9983465608465608,0.9973627132012226,0.9649122807017544,1.0,0.9047619047619048,0.95,1.68,1.69,0.5,2026-09-16 12:41:12,,,,False
458ccf653d368dd1,b6eb11f4d20f3f050cb1e179be1540711fea8770c0ecc2f8bda5c277a255408e,general_pipeline/results_external/breast_cancer__optimized__extra_trees.json,external_benchmark,breast_cancer,breast_cancer__optimized__extra_trees,extra_trees,extra_trees,extra_trees,external,optimized,completed,True,False,30,455,114,0.9990079365079365,0.9983508554937127,0.9649122807017544,1.0,0.9047619047619048,0.95,0.322,0.365,0.5,2026-09-16 12:41:10,,,,False
a79a85a64873297d,e8b1775e61476ca5e44a794754c303e27f159c1bd7b2dcfbc445eb74aa9072e2,general_pipeline/results_external/breast_cancer__optimized__hist_gradient_boosting.json,external_benchmark,breast_cancer,breast_cancer__optimized__hist_gradient_boosting,hist_gradient_boosting,hist_gradient_boosting,hist_gradient_boosting,external,optimized,completed,True,False,30,455,114,0.9914021164021165,0.9902345716299205,0.9736842105263158,1.0,0.9285714285714286,0.9629629629629629,0.267,0.274,0.5,2026-09-16 12:41:10,,,,False
fe82064ff09b95d7,ddf1d0fa1e833dba3ee1967e9d85fd5f3efd4d83057ad6961dbd8ce194198659,general_pipeline/results_external/breast_cancer__optimized__lightgbm.json,external_benchmark,breast_cancer,breast_cancer__optimized__lightgbm,lightgbm,lightgbm,lightgbm,external,optimized,completed,True,False,30,455,114,0.9983465608465609,0.997467071935157,0.9736842105263158,1.0,0.9285714285714286,0.9629629629629629,0.163,0.168,0.5,2026-09-16 12:41:10,,,,False
f5c4fedb13658948,14eec51b98b6570f1a7e76b508843a8a3780a014d8d9e64929914febf7a46c60,general_pipeline/results_external/breast_cancer__optimized__logistic_regression.json,external_benchmark,breast_cancer,breast_cancer__optimized__logistic_regression,logistic_regression,logistic_regression,logistic_regression,external,optimized,completed,True,False,30,455,114,0.996031746031746,0.994273631904294,0.9736842105263158,0.975609756097561,0.9523809523809523,0.963855421686747,0.044,0.048,0.5,2026-09-16 12:41:09,,,,False
1f77b8daea95d51f,b473c04c771be7040e4a4c86bd906025db54d04b3bd20901464c044f526ca0e4,general_pipeline/results_external/breast_cancer__optimized__random_forest.json,external_benchmark,breast_cancer,breast_cancer__optimized__random_forest,random_forest,random_forest,random_forest,external,optimized,completed,True,False,30,455,114,0.9950396825396826,0.9923495181692497,0.9736842105263158,1.0,0.9285714285714286,0.9629629629629629,0.434,0.476,0.5,2026-09-16 12:41:09,,,,False
78d027bf0f05032d,063da372cadc05b8586ca9199106c39e0f3939cd9fc011546f81cda2ba7773a0,general_pipeline/results_external/breast_cancer__optimized__xgboost.json,external_benchmark,breast_cancer,breast_cancer__optimized__xgboost,xgboost,xgboost,xgboost,external,optimized,completed,True,False,30,455,114,0.9910714285714285,0.9903294651193811,0.9736842105263158,1.0,0.9285714285714286,0.9629629629629629,0.126,0.13,0.5,2026-09-16 12:41:10,,,,False
c3203b5b64433dbf,83cf11e8f51f00f71f99a59c6a89fad9ff4d6e1d54ca06e4a097e41fb525c763,external_projects/breast_cancer_exp/results/ladder/01_safe_baseline_logistic.json,external_playbook,breast_cancer,1,baseline_logistic,logistic_regression,logistic_regression,safe,none,completed,True,False,30,455,114,0.996031746031746,0.994273631904294,0.9649122807017544,0.975,0.9285714285714286,0.9512195121951219,0.007,0.015,0.5,2026-09-16 13:45:13,,Floor: logistic regression on raw features.,,False
d8803d8ecef805c1,d698f7d3c65352ca09643e69cb7d858e9a909467f5a259e928372ff805e30747,external_projects/breast_cancer_exp/results/ladder/10_safe_hist_gradient_boosting.json,external_playbook,breast_cancer,10,hist_gradient_boosting,hist_gradient_boosting,hist_gradient_boosting,safe,none,completed,True,False,82,455,114,0.9970238095238095,0.9948442372358268,0.9649122807017544,0.975,0.9285714285714286,0.9512195121951219,0.275,0.281,0.5,2026-09-16 13:45:36,,Sklearn HistGB on full FE (HyperAck exp 10).,,False
c97bd1374906f6dd,d1c5e0c6f9c3d35e2add551d3ed9116e5da6e3920635b013c0b226ddaeb962df,external_projects/breast_cancer_exp/results/ladder/11_safe_extra_trees_strong.json,external_playbook,breast_cancer,11,extra_trees_strong,extra_trees,extra_trees,safe,hand_tuned,completed,True,False,82,455,114,0.9996693121693122,0.9994462901439646,0.9824561403508771,1.0,0.9523809523809523,0.975609756097561,0.318,0.37,0.5,2026-09-16 13:45:36,,"Strong ExtraTrees (n=600, depth=14) on full FE.",,False
be39c0b1486e404f,08c5328ca40df0c5e867ad93aadb504d44c257f6ca8ff04207d575f855a3b9b3,external_projects/breast_cancer_exp/results/ladder/12_safe_calibrated_lgbm_threshold.json,external_playbook,breast_cancer,12,calibrated_lgbm_threshold,lightgbm,lightgbm,safe,isotonic_calibration,completed,True,False,82,455,114,0.9983465608465608,0.997265084895747,0.9649122807017544,0.975,0.9285714285714286,0.9512195121951219,2.213,2.223,0.5,2026-09-16 13:45:39,,Isotonic-calibrated LightGBM; threshold kept at 0.5 for ranking metrics.,,False
228277d09b46cf3d,b90057ca6d70568538a30ff8ee12966a3843aff1aa899017491cddc1eeec33e9,external_projects/breast_cancer_exp/results/ladder/13_safe_stacking_ensemble.json,external_playbook,breast_cancer,13,stacking_ensemble,stacking_ensemble,ensemble,safe,oof_stacking,completed,True,False,82,455,114,0.9993386243386244,0.9988793967199283,0.9824561403508771,1.0,0.9523809523809523,0.975609756097561,4.048,4.141,0.5,2026-09-16 13:45:43,,ET+LGBM+XGB stacked with logistic meta-learner (HyperAck exp 13).,,False
4af5a3353c71dc5e,194c37740cfdbae31316b010d1c2eb903ad6cc98a2cedded3df5a6807492d07a,external_projects/breast_cancer_exp/results/ladder/14_safe_soft_vote_blend.json,external_playbook,breast_cancer,14,soft_vote_blend,soft_vote_blend,ensemble,safe,soft_probability_blend,completed,True,False,82,455,114,0.9993386243386244,0.9988793967199283,0.9824561403508771,1.0,0.9523809523809523,0.975609756097561,1.065,1.133,0.5,2026-09-16 13:45:45,,Soft-vote blend ET+LGBM+XGB (HyperAck exp 15 / optimized safe champion style).,,False
8da4171723f50943,3422a0006c46830eea28c0870f02e5b5d48f749d7b1c21c09c59ef202a305afb,external_projects/breast_cancer_exp/results/ladder/15_safe_leakage_honesty_check.json,external_playbook,breast_cancer,15,leakage_honesty_check,lightgbm,lightgbm,safe,none,completed,True,False,82,455,114,0.998015873015873,0.9965643966950588,0.9649122807017544,0.975,0.9285714285714286,0.9512195121951219,1.307,1.314,0.5,2026-09-16 13:45:47,,Honesty marker: LightGBM on full FE under this mode. Compare safe vs unsafe of this id to measure leakage cost.,,False
fa24e05c245cb1fb,797d7edc9362a086598fcc9823b321589350cdd2ae537097cba97502a9b1f93f,external_projects/breast_cancer_exp/results/ladder/02_safe_baseline_lightgbm.json,external_playbook,breast_cancer,2,baseline_lightgbm,lightgbm,lightgbm,safe,none,completed,True,False,30,455,114,0.9966931216931217,0.9954212454212454,0.9649122807017544,1.0,0.9047619047619048,0.95,1.17,1.192,0.5,2026-09-16 13:45:15,,Strong GBDT baseline on raw features (HyperAck exp 02).,,False
c36bd886f094c1df,f00cd0a5167ac59e766ca6099fa5493a9f6f68eee0f4cd6d1628e355a2242bb0,external_projects/breast_cancer_exp/results/ladder/03_safe_fe_log_transforms.json,external_playbook,breast_cancer,3,fe_log_transforms,lightgbm,lightgbm,safe,none,completed,True,False,54,455,114,0.9966931216931217,0.9954212454212454,0.9649122807017544,1.0,0.9047619047619048,0.95,1.149,1.158,0.5,2026-09-16 13:45:16,,Add log1p transforms for skewed non-negative columns.,,False
a33cb96901defa8d,c7b9863f16bb68392c71c2a9b65fd4c79abaa70a81b152971e7799b3af4dfc99,external_projects/breast_cancer_exp/results/ladder/04_safe_fe_ratios.json,external_playbook,breast_cancer,4,fe_ratios,lightgbm,lightgbm,safe,none,completed,True,False,69,455,114,1.0,1.0,0.9736842105263158,1.0,0.9285714285714286,0.9629629629629629,0.627,0.638,0.5,2026-09-16 13:45:17,,Add pairwise intensity ratios among high-variance features.,,False
f305f3688716a138,3541c2eca05b48efb92ebce7ac5d4c30863f58d4a78fc07535234a39738160a0,external_projects/breast_cancer_exp/results/ladder/05_safe_fe_interactions.json,external_playbook,breast_cancer,5,fe_interactions,lightgbm,lightgbm,safe,none,completed,True,False,77,455,114,0.9986772486772486,0.9977701354007975,0.9649122807017544,0.975,0.9285714285714286,0.9512195121951219,0.747,0.772,0.5,2026-09-16 13:45:18,,Multiplicative interactions among top-MI features.,,False
dbee118ee3cb7c64,fd102ae3691d7b08d5d4e63f4470743ff4dbacdd2a7978521b73e7c2e137742a,external_projects/breast_cancer_exp/results/ladder/06_safe_fe_full.json,external_playbook,breast_cancer,6,fe_full,lightgbm,lightgbm,safe,none,completed,True,False,82,455,114,0.9986772486772486,0.9977701354007975,0.9649122807017544,0.975,0.9285714285714286,0.9512195121951219,4.283,4.321,0.5,2026-09-16 13:25:30,,,,False
6dcc4eebc57b9976,1ecbe37b471caffb338ab0da8bf74440a562e108cdb721321010d1ebdebef9fb,external_projects/breast_cancer_exp/results/ladder/06_safe_fe_full_clusters_bins.json,external_playbook,breast_cancer,6,fe_full_clusters_bins,lightgbm,lightgbm,safe,none,completed,True,False,82,455,114,0.9986772486772486,0.9977701354007975,0.9649122807017544,0.975,0.9285714285714286,0.9512195121951219,0.806,0.82,0.5,2026-09-16 13:45:19,,Full FE: logs+ratios+interactions+KMeans clusters+quantile bins (train-fit).,,False
512ac4dadf193ed0,eb6fa3b159a711bf7410d6c236e7f0b02500ace05097c934ae5587d6dee5ed99,external_projects/breast_cancer_exp/results/ladder/07_safe_feature_selection_mi.json,external_playbook,breast_cancer,7,feature_selection_mi,lightgbm,lightgbm,safe,mutual_info_selection,completed,True,False,25,455,114,0.9937169312169312,0.990528973387682,0.9649122807017544,0.975,0.9285714285714286,0.9512195121951219,0.626,0.634,0.5,2026-09-16 13:45:20,,Keep top-MI subset of full FE matrix (HyperAck exp 07).,,False
6f5ea25c385fae4e,007225fafe0282f7e279221d4d643ad103a1c1cdaa50fa4c20f65b6bbe7c9fa1,external_projects/breast_cancer_exp/results/ladder/08_safe_tuned_xgboost.json,external_playbook,breast_cancer,8,tuned_xgboost,xgboost,xgboost,safe,RandomizedSearchCV_roc_auc,completed,True,False,82,455,114,0.9996693121693122,0.9994462901439646,0.9736842105263158,1.0,0.9285714285714286,0.9629629629629629,3.568,3.576,0.5,2026-09-16 13:45:24,,RandomizedSearchCV on XGBoost over full FE (HyperAck exp 08).,,False
90ec85a2c2655b6c,c0c8a60321dae9db7eaffe880b68a9ac3c62250d1da373514d6b78ad4d8d5290,external_projects/breast_cancer_exp/results/ladder/09_safe_tuned_lightgbm.json,external_playbook,breast_cancer,9,tuned_lightgbm,lightgbm,lightgbm,safe,RandomizedSearchCV_roc_auc,completed,True,False,82,455,114,0.9990079365079365,0.9983508554937127,0.9736842105263158,1.0,0.9285714285714286,0.9629629629629629,10.678,10.686,0.5,2026-09-16 13:45:35,,RandomizedSearchCV on LightGBM over full FE (HyperAck exp 09).,,False
67832884d52eec40,943c71dc88a3afcb5cebf432c8398174dfb541a941c8bb629e7136f0358e607a,external_projects/breast_cancer_exp/results/ladder/01_unsafe_baseline_logistic.json,external_playbook,breast_cancer,1,baseline_logistic,logistic_regression,logistic_regression,unsafe,none,completed,True,False,30,455,114,0.996031746031746,0.994273631904294,0.9649122807017544,0.975,0.9285714285714286,0.9512195121951219,0.009,0.014,0.5,2026-09-16 13:45:47,,Floor: logistic regression on raw features.,,False
efc084ee049cf85d,7117e69e240f0f20ae043a378463acfdcd59c111a830263602fd7bc43a9c99ba,external_projects/breast_cancer_exp/results/ladder/10_unsafe_hist_gradient_boosting.json,external_playbook,breast_cancer,10,hist_gradient_boosting,hist_gradient_boosting,hist_gradient_boosting,unsafe,none,completed,True,False,82,455,114,0.9970238095238095,0.9948442372358268,0.9649122807017544,0.975,0.9285714285714286,0.9512195121951219,0.267,0.273,0.5,2026-09-16 13:46:07,,Sklearn HistGB on full FE (HyperAck exp 10).,,False
ac391d84d338b8c4,1940af10f4fb91fae209345eb4b2f726bb6113a2e8d414296868d0acb7311a14,external_projects/breast_cancer_exp/results/ladder/11_unsafe_extra_trees_strong.json,external_playbook,breast_cancer,11,extra_trees_strong,extra_trees,extra_trees,unsafe,hand_tuned,completed,True,False,82,455,114,0.9996693121693122,0.9994462901439646,0.9824561403508771,1.0,0.9523809523809523,0.975609756097561,0.311,0.362,0.5,2026-09-16 13:46:08,,"Strong ExtraTrees (n=600, depth=14) on full FE.",,False
1147410ffe6f4182,7a364e962e5a39861c67d1a350ab480977f5778152d4175b518d2403fa754143,external_projects/breast_cancer_exp/results/ladder/12_unsafe_calibrated_lgbm_threshold.json,external_playbook,breast_cancer,12,calibrated_lgbm_threshold,lightgbm,lightgbm,unsafe,isotonic_calibration,completed,True,False,82,455,114,0.9983465608465608,0.997265084895747,0.9649122807017544,0.975,0.9285714285714286,0.9512195121951219,4.054,4.073,0.5,2026-09-16 13:46:12,,Isotonic-calibrated LightGBM; threshold kept at 0.5 for ranking metrics.,,False
aa14b29aea9d6dbc,75441a89df8c196e15511d12fbe7c9315b1d48bd0f2c4e89998301daa3a22509,external_projects/breast_cancer_exp/results/ladder/13_unsafe_stacking_ensemble.json,external_playbook,breast_cancer,13,stacking_ensemble,stacking_ensemble,ensemble,unsafe,oof_stacking,completed,True,False,82,455,114,0.9993386243386244,0.9988793967199283,0.9824561403508771,1.0,0.9523809523809523,0.975609756097561,7.261,7.448,0.5,2026-09-16 13:46:20,,ET+LGBM+XGB stacked with logistic meta-learner (HyperAck exp 13).,,False
feca6b55fb03e037,7b9ce0dc17f00d373359491d1f02893f385efca5511bda9ed63ea45df521aa10,external_projects/breast_cancer_exp/results/ladder/14_unsafe_soft_vote_blend.json,external_playbook,breast_cancer,14,soft_vote_blend,soft_vote_blend,ensemble,unsafe,soft_probability_blend,completed,True,False,82,455,114,0.9993386243386244,0.9988793967199283,0.9824561403508771,1.0,0.9523809523809523,0.975609756097561,2.227,2.4,0.5,2026-09-16 13:46:23,,Soft-vote blend ET+LGBM+XGB (HyperAck exp 15 / optimized safe champion style).,,False
a78bd821e6d6a4c0,2a01efba5e9f88926ea849d0b12ee0c0ebdb65f4c1b1379488e25bf2965ef2aa,external_projects/breast_cancer_exp/results/ladder/15_unsafe_leakage_honesty_check.json,external_playbook,breast_cancer,15,leakage_honesty_check,lightgbm,lightgbm,unsafe,none,completed,True,False,82,455,114,0.998015873015873,0.9965643966950588,0.9649122807017544,0.975,0.9285714285714286,0.9512195121951219,2.221,2.242,0.5,2026-09-16 13:46:26,,Honesty marker: LightGBM on full FE under this mode. Compare safe vs unsafe of this id to measure leakage cost.,,False
a17eebf511a35470,25d67a32fde7f0dbfa39cb09a377e6df38d0e7f18711dcacae21c17a520594d3,external_projects/breast_cancer_exp/results/ladder/02_unsafe_baseline_lightgbm.json,external_playbook,breast_cancer,2,baseline_lightgbm,lightgbm,lightgbm,unsafe,none,completed,True,False,30,455,114,0.9966931216931217,0.9954212454212454,0.9649122807017544,1.0,0.9047619047619048,0.95,0.341,0.348,0.5,2026-09-16 13:45:47,,Strong GBDT baseline on raw features (HyperAck exp 02).,,False
352c153a45c3ab58,535bb55a2d93d3c923d559c474a869e5a5a514da675935cd78d2e2fe1bb6d608,external_projects/breast_cancer_exp/results/ladder/03_unsafe_fe_log_transforms.json,external_playbook,breast_cancer,3,fe_log_transforms,lightgbm,lightgbm,unsafe,none,completed,True,False,54,455,114,0.9966931216931217,0.9954212454212454,0.9649122807017544,1.0,0.9047619047619048,0.95,0.375,0.382,0.5,2026-09-16 13:45:48,,Add log1p transforms for skewed non-negative columns.,,False
1d68a35a5a73dd7b,5d1cfb45aa689e05848654a2b0a35f526b60b7838e497de63bc1bb7f3927a496,external_projects/breast_cancer_exp/results/ladder/04_unsafe_fe_ratios.json,external_playbook,breast_cancer,4,fe_ratios,lightgbm,lightgbm,unsafe,none,completed,True,False,69,455,114,1.0,1.0,0.9736842105263158,1.0,0.9285714285714286,0.9629629629629629,0.665,0.679,0.5,2026-09-16 13:45:49,,Add pairwise intensity ratios among high-variance features.,,False
00d9f282d084ae5c,ab5ee728949a144cf553d3437ebb5ceb6b1056e214ada28316366c4a469ac299,external_projects/breast_cancer_exp/results/ladder/05_unsafe_fe_interactions.json,external_playbook,breast_cancer,5,fe_interactions,lightgbm,lightgbm,unsafe,none,completed,True,False,77,455,114,0.9986772486772486,0.9977701354007975,0.9649122807017544,0.975,0.9285714285714286,0.9512195121951219,0.428,0.434,0.5,2026-09-16 13:45:49,,Multiplicative interactions among top-MI features.,,False
715bc6e517965ddd,878aeaa9dd088d888932dceefe7efe4219a7bccecf76c414f7910c85da584b80,external_projects/breast_cancer_exp/results/ladder/06_unsafe_fe_full_clusters_bins.json,external_playbook,breast_cancer,6,fe_full_clusters_bins,lightgbm,lightgbm,unsafe,none,completed,True,False,82,455,114,0.9986772486772486,0.9977701354007975,0.9649122807017544,0.975,0.9285714285714286,0.9512195121951219,0.428,0.436,0.5,2026-09-16 13:45:50,,Full FE: logs+ratios+interactions+KMeans clusters+quantile bins (train-fit).,,False
1984f0c64af3c879,54996bc81e1efbff6b2e7b61b4115ec1647af6dcb2a826591cdd4b0c9a0e302c,external_projects/breast_cancer_exp/results/ladder/07_unsafe_feature_selection_mi.json,external_playbook,breast_cancer,7,feature_selection_mi,lightgbm,lightgbm,unsafe,mutual_info_selection,completed,True,False,25,455,114,0.9937169312169312,0.990528973387682,0.9649122807017544,0.975,0.9285714285714286,0.9512195121951219,0.501,0.507,0.5,2026-09-16 13:45:51,,Keep top-MI subset of full FE matrix (HyperAck exp 07).,,False
fd0e461f91dd1a45,330e20439283d221f06ad02e6d2eca0e2192eee82e11833c353a48ad87b0320d,external_projects/breast_cancer_exp/results/ladder/08_unsafe_tuned_xgboost.json,external_playbook,breast_cancer,8,tuned_xgboost,xgboost,xgboost,unsafe,RandomizedSearchCV_roc_auc,completed,True,False,82,455,114,0.9996693121693122,0.9994462901439646,0.9736842105263158,1.0,0.9285714285714286,0.9629629629629629,3.437,3.444,0.5,2026-09-16 13:45:55,,RandomizedSearchCV on XGBoost over full FE (HyperAck exp 08).,,False
f806eae728513e8a,ad95c9d7e84e79a9f6475d60cb7c6e831beb0a621fb01f521c11890150722013,external_projects/breast_cancer_exp/results/ladder/09_unsafe_tuned_lightgbm.json,external_playbook,breast_cancer,9,tuned_lightgbm,lightgbm,lightgbm,unsafe,RandomizedSearchCV_roc_auc,completed,True,False,82,455,114,0.9990079365079365,0.9983508554937127,0.9736842105263158,1.0,0.9285714285714286,0.9629629629629629,12.033,12.041,0.5,2026-09-16 13:46:07,,RandomizedSearchCV on LightGBM over full FE (HyperAck exp 09).,,False
2b14c9876e896427,6479f95043e2126f717a84284c60a04c14eaf17de8e3408505230c1087d92c56,general_pipeline/results_external/credit_default__baseline__catboost.json,external_benchmark,credit_default,credit_default__baseline__catboost,catboost,catboost,catboost,external,baseline,completed,True,False,23,16000,4000,0.7896828721966791,0.5675476178416484,0.82675,0.6897233201581028,0.3943502824858757,0.5017972681524083,1.675,1.693,0.5,2026-09-16 12:41:19,,,,False
13c328a24448b5a6,04382fcf5025eed0542dd50a4ec2a2e459b43b3499498a6e18404dc02c2fa85c,general_pipeline/results_external/credit_default__baseline__extra_trees.json,external_benchmark,credit_default,credit_default__baseline__extra_trees,extra_trees,extra_trees,extra_trees,external,baseline,completed,True,False,23,16000,4000,0.7649311242303054,0.5280756268986191,0.8135,0.6318785578747628,0.376271186440678,0.471671388101983,1.187,1.322,0.5,2026-09-16 12:41:16,,,,False
fd1b4b9f06c1d50e,0b160565cc20502f5eb115d76f2f74318c7031e4bc03588eeaac4b46a8db26ba,general_pipeline/results_external/credit_default__baseline__hist_gradient_boosting.json,external_benchmark,credit_default,credit_default__baseline__hist_gradient_boosting,hist_gradient_boosting,hist_gradient_boosting,hist_gradient_boosting,external,baseline,completed,True,False,23,16000,4000,0.7927578420436923,0.5686313603858331,0.8275,0.7070063694267515,0.376271186440678,0.4911504424778761,0.23,0.249,0.5,2026-09-16 12:41:16,,,,False
04c66a1a9e35841a,f575f04ad46a6327f970a5e944eccfbdc1ae1f5869078effb8c1d4aa30ecdcfa,general_pipeline/results_external/credit_default__baseline__lightgbm.json,external_benchmark,credit_default,credit_default__baseline__lightgbm,lightgbm,lightgbm,lightgbm,external,baseline,completed,True,False,23,16000,4000,0.7866548775289968,0.5711654847955383,0.82425,0.6864754098360656,0.3785310734463277,0.4879825200291333,0.484,0.497,0.5,2026-09-16 12:41:17,,,,False
01e7a352055c7d9c,b1081ff82b1dec6675a4e83e033240fc1a80779d3e010bfed32055ca4c303c10,general_pipeline/results_external/credit_default__baseline__logistic_regression.json,external_benchmark,credit_default,credit_default__baseline__logistic_regression,logistic_regression,logistic_regression,logistic_regression,external,baseline,completed,True,False,23,16000,4000,0.7209315232472727,0.5094117215095113,0.81375,0.7272727272727273,0.25310734463276835,0.3755238893545683,0.059,0.071,0.5,2026-09-16 12:41:12,,,,False
8f50fb4a455b2190,0dcaea0910758e764905f7d2a4345802ab052ea617ca82129fd855a9b6584a70,general_pipeline/results_external/credit_default__baseline__random_forest.json,external_benchmark,credit_default,credit_default__baseline__random_forest,random_forest,random_forest,random_forest,external,baseline,completed,True,False,23,16000,4000,0.7809618122625169,0.5591893991566896,0.82375,0.6778656126482213,0.38757062146892657,0.4931703810208483,2.461,2.548,0.5,2026-09-16 12:41:15,,,,False
9a0e24989cab984b,b9173504b60cf603643909a101f4e449a1001bc8e78ca6cc1ab50bf98192e77f,general_pipeline/results_external/credit_default__baseline__xgboost.json,external_benchmark,credit_default,credit_default__baseline__xgboost,xgboost,xgboost,xgboost,external,baseline,completed,True,False,23,16000,4000,0.7711842642217809,0.5339480862305483,0.8175,0.649325626204239,0.3807909604519774,0.48005698005698005,0.225,0.235,0.5,2026-09-16 12:41:17,,,,False
6a1f9a118e8610f1,31afecf792252a4622999f3ed67e4cfb603f98b645605d7abb0f8ed144812bcf,general_pipeline/results_external/credit_default__optimized__catboost.json,external_benchmark,credit_default,credit_default__optimized__catboost,catboost,catboost,catboost,external,optimized,completed,True,False,23,16000,4000,0.790693836094712,0.5635490204918331,0.8245,0.6863543788187373,0.3807909604519774,0.4898255813953488,4.587,4.599,0.5,2026-09-16 12:41:35,,,,False
1339bd56dd045a4f,0f6665795998a063f906dfdaa0e6055f4af20542a60da8554b288d9fb5385b00,general_pipeline/results_external/credit_default__optimized__extra_trees.json,external_benchmark,credit_default,credit_default__optimized__extra_trees,extra_trees,extra_trees,extra_trees,external,optimized,completed,True,False,23,16000,4000,0.7897449011979578,0.5592981931084033,0.81475,0.6836734693877551,0.30282485875706217,0.4197337509788567,1.855,2.051,0.5,2026-09-16 12:41:27,,,,False
e7e0d2da48990ebb,01c54d5f10f2e02093c3712a5b2e9170400a3978cb15c01f7605a98a135b6089,general_pipeline/results_external/credit_default__optimized__hist_gradient_boosting.json,external_benchmark,credit_default,credit_default__optimized__hist_gradient_boosting,hist_gradient_boosting,hist_gradient_boosting,hist_gradient_boosting,external,optimized,completed,True,False,23,16000,4000,0.7942819054873901,0.573291053880189,0.82825,0.7133620689655172,0.37401129943502825,0.4907338769458858,0.484,0.513,0.5,2026-09-16 12:41:27,,,,False
4464db3ada93c0c7,2b1d0f320179cbacb9e12c6b5661e32538e064d2b34ecdbb51c329330abfd7bd,general_pipeline/results_external/credit_default__optimized__lightgbm.json,external_benchmark,credit_default,credit_default__optimized__lightgbm,lightgbm,lightgbm,lightgbm,external,optimized,completed,True,False,23,16000,4000,0.7973516155652892,0.5775367808545215,0.826,0.7049891540130152,0.3672316384180791,0.48291233283803864,1.16,1.196,0.5,2026-09-16 12:41:29,,,,False
b74987b8ccca35ea,c30ef8169f23f7b7f8c79589e36bf8444a2e2abcdf34d1b1e5b7120418fcb004,general_pipeline/results_external/credit_default__optimized__logistic_regression.json,external_benchmark,credit_default,credit_default__optimized__logistic_regression,logistic_regression,logistic_regression,logistic_regression,external,optimized,completed,True,False,23,16000,4000,0.7209373271304331,0.5094664365116707,0.81375,0.7272727272727273,0.25310734463276835,0.3755238893545683,0.856,0.862,0.5,2026-09-16 12:41:20,,,,False
e6f270e993bdf725,8449622ea44d1599bb50a95a1ac0c8936197d96c11354209e6b583fb0c205b19,general_pipeline/results_external/credit_default__optimized__random_forest.json,external_benchmark,credit_default,credit_default__optimized__random_forest,random_forest,random_forest,random_forest,external,optimized,completed,True,False,23,16000,4000,0.7961400549555188,0.5755465415765172,0.82325,0.6885593220338984,0.3672316384180791,0.47899778924097275,4.864,5.053,0.5,2026-09-16 12:41:25,,,,False
8f88fe8d8e697c17,410a2b73bb0965134a79b9341c2485b70810ffe8e569002e49c151818f1f1912,general_pipeline/results_external/credit_default__optimized__xgboost.json,external_benchmark,credit_default,credit_default__optimized__xgboost,xgboost,xgboost,xgboost,external,optimized,completed,True,False,23,16000,4000,0.7879039820079622,0.5652215500879989,0.82825,0.7028688524590164,0.38757062146892657,0.4996358339402768,1.559,1.605,0.5,2026-09-16 12:41:30,,,,False
8d865e282c35a617,13f56421c033803821c02bfe77e306938a1b7c68e76e7dcb2f61242c66f9e4d3,external_projects/credit_default_exp/results/ladder/01_safe_baseline_logistic.json,external_playbook,credit_default,1,baseline_logistic,logistic_regression,logistic_regression,safe,none,completed,True,False,23,16000,4000,0.7209315232472727,0.5094117215095113,0.81375,0.7272727272727273,0.25310734463276835,0.3755238893545683,0.06,0.068,0.5,2026-09-16 13:48:00,,Floor: logistic regression on raw features.,,False
ea91a7a09207cf78,92f8f1a2fb406dc1f45f71665cb2375d1d0b3e9df59cea2538eb2aeb13d621e9,external_projects/credit_default_exp/results/ladder/10_safe_hist_gradient_boosting.json,external_playbook,credit_default,10,hist_gradient_boosting,hist_gradient_boosting,hist_gradient_boosting,safe,none,completed,True,False,59,16000,4000,0.7973293068893906,0.5712518363952476,0.827,0.7075268817204301,0.37175141242937854,0.4874074074074074,0.66,0.69,0.5,2026-09-16 13:50:40,,Sklearn HistGB on full FE (HyperAck exp 10).,,False
348be926f71c5982,9f53e1328252c4b9ac73e06ef3d5fde108999298a7312b0cac2a005bf1ae025e,external_projects/credit_default_exp/results/ladder/11_safe_extra_trees_strong.json,external_playbook,credit_default,11,extra_trees_strong,extra_trees,extra_trees,safe,hand_tuned,completed,True,False,59,16000,4000,0.7956942441802469,0.5679586738388452,0.82425,0.6961206896551724,0.3649717514124294,0.4788732394366197,5.679,5.881,0.5,2026-09-16 13:50:52,,"Strong ExtraTrees (n=600, depth=14) on full FE.",,False
065726dd3baaf4c5,ac92645345722ad385928cdd582d8a9173f9e7e37480593a1acda46cefee8226,external_projects/credit_default_exp/results/ladder/12_safe_calibrated_lgbm_threshold.json,external_playbook,credit_default,12,calibrated_lgbm_threshold,lightgbm,lightgbm,safe,isotonic_calibration,completed,True,False,59,16000,4000,0.792890243128293,0.5635309798109612,0.824,0.6971677559912854,0.3615819209039548,0.47619047619047616,34.484,34.73,0.5,2026-09-16 13:51:31,,Isotonic-calibrated LightGBM; threshold kept at 0.5 for ranking metrics.,,False
903c82449ddeae5c,5434593cc7ed98a7c9396aead6488182ac96fae897e13fb542448177de5a206f,external_projects/credit_default_exp/results/ladder/13_safe_stacking_ensemble.json,external_playbook,credit_default,13,stacking_ensemble,stacking_ensemble,ensemble,safe,oof_stacking,completed,True,False,59,16000,4000,0.8004617714539634,0.5768943195652962,0.82575,0.7008547008547008,0.3706214689265537,0.48484848484848486,37.622,37.93,0.5,2026-09-16 13:52:14,,ET+LGBM+XGB stacked with logistic meta-learner (HyperAck exp 13).,,False
2e4fa372f839bc1d,dddb357aca71c19a35fd4dcd28ef3554d07134f03b0a7a05dd8cdad0234fe957,external_projects/credit_default_exp/results/ladder/14_safe_soft_vote_blend.json,external_playbook,credit_default,14,soft_vote_blend,soft_vote_blend,ensemble,safe,soft_probability_blend,completed,True,False,59,16000,4000,0.7996397965013466,0.5763847146112925,0.82675,0.7068965517241379,0.3706214689265537,0.48628613787991104,10.181,10.658,0.5,2026-09-16 13:52:31,,Soft-vote blend ET+LGBM+XGB (HyperAck exp 15 / optimized safe champion style).,,False
6021a70f1ee8fdee,c28df37a6aa9bf2e951e579bc6449ceec2a7083af874b64e439377e6ba854d6e,external_projects/credit_default_exp/results/ladder/15_safe_leakage_honesty_check.json,external_playbook,credit_default,15,leakage_honesty_check,lightgbm,lightgbm,safe,none,completed,True,False,59,16000,4000,0.7996216593664699,0.5722338793279222,0.827,0.7084233261339092,0.3706214689265537,0.486646884272997,4.421,4.477,0.5,2026-09-16 13:52:42,,Honesty marker: LightGBM on full FE under this mode. Compare safe vs unsafe of this id to measure leakage cost.,,False
afe74ef5c94606a6,3e5364dfe0da941ae15f19989fb6489867e36d8c7ef003ddd7219466365e9d7f,external_projects/credit_default_exp/results/ladder/02_safe_baseline_lightgbm.json,external_playbook,credit_default,2,baseline_lightgbm,lightgbm,lightgbm,safe,none,completed,True,False,23,16000,4000,0.7866548775289968,0.5711654847955383,0.82425,0.6864754098360656,0.3785310734463277,0.4879825200291333,0.951,0.967,0.5,2026-09-16 13:48:02,,Strong GBDT baseline on raw features (HyperAck exp 02).,,False
c126e24df156b970,0cad53b14d849928ef4032185890be4d8c4466af1a97e405c3bd522cd5940ee0,external_projects/credit_default_exp/results/ladder/03_safe_fe_log_transforms.json,external_playbook,credit_default,3,fe_log_transforms,lightgbm,lightgbm,safe,none,completed,True,False,31,16000,4000,0.7866548775289968,0.5711654847955383,0.82425,0.6864754098360656,0.3785310734463277,0.4879825200291333,0.71,0.729,0.5,2026-09-16 13:48:04,,Add log1p transforms for skewed non-negative columns.,,False
93cf8e7a776fb556,2159ffc162fadc43d5e7d9784f5be856036a035ba65543152428bef00dd5ec6f,external_projects/credit_default_exp/results/ladder/04_safe_fe_ratios.json,external_playbook,credit_default,4,fe_ratios,lightgbm,lightgbm,safe,none,completed,True,False,46,16000,4000,0.7948294655893207,0.5740913354512,0.82725,0.7063829787234043,0.3751412429378531,0.4900369003690037,0.807,0.831,0.5,2026-09-16 13:48:07,,Add pairwise intensity ratios among high-variance features.,,False
4586e3abdbb21da8,616bf549171ccdf105fd8f6a1039a79ebffa092411dd9e2f47558b044bc5e080,external_projects/credit_default_exp/results/ladder/05_safe_fe_interactions.json,external_playbook,credit_default,5,fe_interactions,lightgbm,lightgbm,safe,none,completed,True,False,54,16000,4000,0.7899407822546273,0.5584935752968848,0.82675,0.7060085836909872,0.37175141242937854,0.48704663212435234,1.112,1.13,0.5,2026-09-16 13:48:10,,Multiplicative interactions among top-MI features.,,False
77cdabf99a59f9d6,792f292d8c1a3f1ac9e2c7661ede6937a198d2b1583c89e7b348ead7e07b6f9c,external_projects/credit_default_exp/results/ladder/06_safe_fe_full_clusters_bins.json,external_playbook,credit_default,6,fe_full_clusters_bins,lightgbm,lightgbm,safe,none,completed,True,False,59,16000,4000,0.7929560809278957,0.575652207658246,0.82275,0.6864406779661016,0.36610169491525424,0.47752394988946206,1.254,1.293,0.5,2026-09-16 13:48:16,,Full FE: logs+ratios+interactions+KMeans clusters+quantile bins (train-fit).,,False
450610cf37022536,6977624b500f19584e7dc95c90faecfa46d941f7f84a352e5e40c1a8761036a8,external_projects/credit_default_exp/results/ladder/07_safe_feature_selection_mi.json,external_playbook,credit_default,7,feature_selection_mi,lightgbm,lightgbm,safe,mutual_info_selection,completed,True,False,25,16000,4000,0.7880298537240071,0.5568249948552167,0.8225,0.6842105263157895,0.3672316384180791,0.47794117647058826,0.653,0.669,0.5,2026-09-16 13:48:22,,Keep top-MI subset of full FE matrix (HyperAck exp 07).,,False
f81ab6d1ed53215c,988522721c94fe2a9fa3b02dc264e4f65bf87a3304a6adba399c01ba7f8ad495,external_projects/credit_default_exp/results/ladder/08_safe_tuned_xgboost.json,external_playbook,credit_default,8,tuned_xgboost,xgboost,xgboost,safe,RandomizedSearchCV_roc_auc,completed,True,False,59,16000,4000,0.7987659493429824,0.5732154041293395,0.82625,0.7074235807860262,0.36610169491525424,0.4825018615040953,40.026,40.049,0.5,2026-09-16 13:49:07,,RandomizedSearchCV on XGBoost over full FE (HyperAck exp 08).,,False
811d85e618c28f10,3b14da1c480325a06e8ab5eeb5a9c3c88c9dfe8f48ff52975760a96934b7242d,external_projects/credit_default_exp/results/ladder/09_safe_tuned_lightgbm.json,external_playbook,credit_default,9,tuned_lightgbm,lightgbm,lightgbm,safe,RandomizedSearchCV_roc_auc,completed,True,False,59,16000,4000,0.7985495733239021,0.5717668793354178,0.82575,0.706140350877193,0.3638418079096045,0.4802386278896346,82.242,82.284,0.5,2026-09-16 13:50:35,,RandomizedSearchCV on LightGBM over full FE (HyperAck exp 09).,,False
c8380171d3201231,cb627b7c23d0c78ba0ae120c1792896688f2648a74fd04e920d1236dc43e33ed,external_projects/credit_default_exp/results/ladder/01_unsafe_baseline_logistic.json,external_playbook,credit_default,1,baseline_logistic,logistic_regression,logistic_regression,unsafe,none,completed,True,False,23,16000,4000,0.7209315232472727,0.5094117215095113,0.81375,0.7272727272727273,0.25310734463276835,0.3755238893545683,0.085,0.099,0.5,2026-09-16 13:52:43,,Floor: logistic regression on raw features.,,False
b754254b6b4145c4,8e91182af0d61fd09bafdf2100c47af1a874a1c7aa77f606fdad4678a2839e32,external_projects/credit_default_exp/results/ladder/10_unsafe_hist_gradient_boosting.json,external_playbook,credit_default,10,hist_gradient_boosting,hist_gradient_boosting,hist_gradient_boosting,unsafe,none,completed,True,False,59,16000,4000,0.7973293068893906,0.5712518363952476,0.827,0.7075268817204301,0.37175141242937854,0.4874074074074074,0.498,0.517,0.5,2026-09-16 13:56:12,,Sklearn HistGB on full FE (HyperAck exp 10).,,False
0e99662dce352d98,85b2eafc89e374858ef0224fb952f63db73cb7a803a7f1d3a3cc85b31b48e351,external_projects/credit_default_exp/results/ladder/11_unsafe_extra_trees_strong.json,external_playbook,credit_default,11,extra_trees_strong,extra_trees,extra_trees,unsafe,hand_tuned,completed,True,False,59,16000,4000,0.7956942441802469,0.5679586738388452,0.82425,0.6961206896551724,0.3649717514124294,0.4788732394366197,1.908,2.053,0.5,2026-09-16 13:56:19,,"Strong ExtraTrees (n=600, depth=14) on full FE.",,False
2ce1e29fad826a34,0b476eaab7bbd6d44bbcde05aacf989a468b8512f6bea211c36dbf6c532a441a,external_projects/credit_default_exp/results/ladder/12_unsafe_calibrated_lgbm_threshold.json,external_playbook,credit_default,12,calibrated_lgbm_threshold,lightgbm,lightgbm,unsafe,isotonic_calibration,completed,True,False,59,16000,4000,0.792890243128293,0.5635309798109612,0.824,0.6971677559912854,0.3615819209039548,0.47619047619047616,10.016,10.158,0.5,2026-09-16 13:56:34,,Isotonic-calibrated LightGBM; threshold kept at 0.5 for ranking metrics.,,False
54685a73636ed906,a66230b62f6b7167f3354bd3530fd752ec53800769aaf4e029b25dc058bfce3d,external_projects/credit_default_exp/results/ladder/13_unsafe_stacking_ensemble.json,external_playbook,credit_default,13,stacking_ensemble,stacking_ensemble,ensemble,unsafe,oof_stacking,completed,True,False,59,16000,4000,0.8004617714539634,0.5768943195652962,0.82575,0.7008547008547008,0.3706214689265537,0.48484848484848486,64.386,64.712,0.5,2026-09-16 13:57:46,,ET+LGBM+XGB stacked with logistic meta-learner (HyperAck exp 13).,,False
f7470185a8ad9e17,ac5b46d088b2f07839545675aebd1bd0ea860a50f5651f79648f046b1b0de829,external_projects/credit_default_exp/results/ladder/14_unsafe_soft_vote_blend.json,external_playbook,credit_default,14,soft_vote_blend,soft_vote_blend,ensemble,unsafe,soft_probability_blend,completed,True,False,59,16000,4000,0.7996397965013466,0.5763847146112925,0.82675,0.7068965517241379,0.3706214689265537,0.48628613787991104,8.684,8.95,0.5,2026-09-16 13:58:00,,Soft-vote blend ET+LGBM+XGB (HyperAck exp 15 / optimized safe champion style).,,False
cd7e11247ef2a2e9,9a80340a137873bdc4961d67fa2ae6fd32384cbee9deb6f3511b69930585dc78,external_projects/credit_default_exp/results/ladder/15_unsafe_leakage_honesty_check.json,external_playbook,credit_default,15,leakage_honesty_check,lightgbm,lightgbm,unsafe,none,completed,True,False,59,16000,4000,0.7996216593664699,0.5722338793279222,0.827,0.7084233261339092,0.3706214689265537,0.486646884272997,4.058,4.145,0.5,2026-09-16 13:58:09,,Honesty marker: LightGBM on full FE under this mode. Compare safe vs unsafe of this id to measure leakage cost.,,False
4a2664a36503b65b,e8411f2f0812f2e84b949dbec243302727c7e902db6489faa46f342ac711ce76,external_projects/credit_default_exp/results/ladder/02_unsafe_baseline_lightgbm.json,external_playbook,credit_default,2,baseline_lightgbm,lightgbm,lightgbm,unsafe,none,completed,True,False,23,16000,4000,0.7866548775289968,0.5711654847955383,0.82425,0.6864754098360656,0.3785310734463277,0.4879825200291333,0.721,0.745,0.5,2026-09-16 13:52:45,,Strong GBDT baseline on raw features (HyperAck exp 02).,,False
9b98489236df08a5,5f31e5968ca5530ee46352f7ce318b5058ada02aa083aaea5d9d31122daa1868,external_projects/credit_default_exp/results/ladder/03_unsafe_fe_log_transforms.json,external_playbook,credit_default,3,fe_log_transforms,lightgbm,lightgbm,unsafe,none,completed,True,False,31,16000,4000,0.7866548775289968,0.5711654847955383,0.82425,0.6864754098360656,0.3785310734463277,0.4879825200291333,0.962,0.988,0.5,2026-09-16 13:52:48,,Add log1p transforms for skewed non-negative columns.,,False
4ef98d27cef632a3,dd9c515490bd0ad9cbaeb64acaee92ba8b47e7b2dcabd6910ea9f488cac42f93,external_projects/credit_default_exp/results/ladder/04_unsafe_fe_ratios.json,external_playbook,credit_default,4,fe_ratios,lightgbm,lightgbm,unsafe,none,completed,True,False,46,16000,4000,0.7948294655893207,0.5740913354512,0.82725,0.7063829787234043,0.3751412429378531,0.4900369003690037,0.987,1.008,0.5,2026-09-16 13:52:51,,Add pairwise intensity ratios among high-variance features.,,False
e79dcf452ddb3436,3073283691c79c6a4246f11b01bda63511e1d75f4ade7744c277f6bb6c94089f,external_projects/credit_default_exp/results/ladder/05_unsafe_fe_interactions.json,external_playbook,credit_default,5,fe_interactions,lightgbm,lightgbm,unsafe,none,completed,True,False,54,16000,4000,0.7899407822546273,0.5584935752968848,0.82675,0.7060085836909872,0.37175141242937854,0.48704663212435234,0.937,0.959,0.5,2026-09-16 13:52:55,,Multiplicative interactions among top-MI features.,,False
a00ef852cbaf4f37,5c0a701d4933ee65bc618435fa9344cc44059f771838606f0c2e84747bc7fe23,external_projects/credit_default_exp/results/ladder/06_unsafe_fe_full_clusters_bins.json,external_playbook,credit_default,6,fe_full_clusters_bins,lightgbm,lightgbm,unsafe,none,completed,True,False,59,16000,4000,0.7929560809278957,0.575652207658246,0.82275,0.6864406779661016,0.36610169491525424,0.47752394988946206,0.965,0.989,0.5,2026-09-16 13:53:01,,Full FE: logs+ratios+interactions+KMeans clusters+quantile bins (train-fit).,,False
6da4b8f5e675c673,b19eb991a33cab4077b7cc8687c5ca1896427626dfde4d9ebbe10e67e10d4714,external_projects/credit_default_exp/results/ladder/07_unsafe_feature_selection_mi.json,external_playbook,credit_default,7,feature_selection_mi,lightgbm,lightgbm,unsafe,mutual_info_selection,completed,True,False,25,16000,4000,0.7880298537240071,0.5568249948552167,0.8225,0.6842105263157895,0.3672316384180791,0.47794117647058826,0.708,0.727,0.5,2026-09-16 13:53:06,,Keep top-MI subset of full FE matrix (HyperAck exp 07).,,False
b0622cb46bd7d6cc,8969f8cc6c7fec31f5814377d6bffaa51028a7b539c348c228d332875d002b15,external_projects/credit_default_exp/results/ladder/08_unsafe_tuned_xgboost.json,external_playbook,credit_default,8,tuned_xgboost,xgboost,xgboost,unsafe,RandomizedSearchCV_roc_auc,completed,True,False,59,16000,4000,0.7987659493429824,0.5732154041293395,0.82625,0.7074235807860262,0.36610169491525424,0.4825018615040953,72.018,72.05,0.5,2026-09-16 13:54:23,,RandomizedSearchCV on XGBoost over full FE (HyperAck exp 08).,,False
591e5658cb49b874,b6011ab2a655bbbb3212e57c0e4c86f6857545986eda0f7cc03935f493d842e5,external_projects/credit_default_exp/results/ladder/09_unsafe_tuned_lightgbm.json,external_playbook,credit_default,9,tuned_lightgbm,lightgbm,lightgbm,unsafe,RandomizedSearchCV_roc_auc,completed,True,False,59,16000,4000,0.7985495733239021,0.5717668793354178,0.82575,0.706140350877193,0.3638418079096045,0.4802386278896346,97.233,97.282,0.5,2026-09-16 13:56:06,,RandomizedSearchCV on LightGBM over full FE (HyperAck exp 09).,,False
bdb8ce41dc7a27e6,a0ecf11d4c33e1830f3303a8decd041f230d73ec134d02e7ad07fcb73cfb5ca8,general_pipeline/results_external/german_credit__baseline__catboost.json,external_benchmark,german_credit,german_credit__baseline__catboost,catboost,catboost,catboost,external,baseline,completed,True,False,20,800,200,0.8098809523809524,0.6700070483119145,0.775,0.6666666666666666,0.5,0.5714285714285714,0.238,0.242,0.5,2026-09-16 12:41:36,,,,False
daa69e794b3edb90,397c5fbe612ae461b679fa6a7da701c0da51336f555b15d740e8d2c0830e98aa,general_pipeline/results_external/german_credit__baseline__extra_trees.json,external_benchmark,german_credit,german_credit__baseline__extra_trees,extra_trees,extra_trees,extra_trees,external,baseline,completed,True,False,20,800,200,0.7876190476190476,0.6352091698516046,0.78,0.7222222222222222,0.43333333333333335,0.5416666666666666,0.167,0.197,0.5,2026-09-16 12:41:36,,,,False
19f6c48230a82236,825016571a6a1aee4b3494a72a94bd1b19e2f909ae5bf917e8c486c88f35e84b,general_pipeline/results_external/german_credit__baseline__hist_gradient_boosting.json,external_benchmark,german_credit,german_credit__baseline__hist_gradient_boosting,hist_gradient_boosting,hist_gradient_boosting,hist_gradient_boosting,external,baseline,completed,True,False,20,800,200,0.7636904761904761,0.605419612826037,0.765,0.6382978723404256,0.5,0.5607476635514018,0.092,0.098,0.5,2026-09-16 12:41:36,,,,False
53e6698df6198b9e,b12cd2fb5af3bf6f138df845a805d3cd65055f38251027d7f5b775281fb741b2,general_pipeline/results_external/german_credit__baseline__lightgbm.json,external_benchmark,german_credit,german_credit__baseline__lightgbm,lightgbm,lightgbm,lightgbm,external,baseline,completed,True,False,20,800,200,0.7827380952380952,0.6472192280923542,0.76,0.6153846153846154,0.5333333333333333,0.5714285714285714,0.343,0.348,0.5,2026-09-16 12:41:36,,,,False
230679eef27f8442,a048259044c7b3ed7997a7b0d7baec580475a6d79264bb6b66ca9acfa6e6240d,general_pipeline/results_external/german_credit__baseline__logistic_regression.json,external_benchmark,german_credit,german_credit__baseline__logistic_regression,logistic_regression,logistic_regression,logistic_regression,external,baseline,completed,True,False,20,800,200,0.7747619047619048,0.612373075413072,0.745,0.6153846153846154,0.4,0.48484848484848486,0.068,0.072,0.5,2026-09-16 12:41:35,,,,False
02bc4556e60f3725,f9ca62a28d8da8d9bbdfedb35aa2c973e7e6e66f420a2edebd959ff4738eeae2,general_pipeline/results_external/german_credit__baseline__random_forest.json,external_benchmark,german_credit,german_credit__baseline__random_forest,random_forest,random_forest,random_forest,external,baseline,completed,True,False,20,800,200,0.8020238095238095,0.6649872725700078,0.785,0.7428571428571429,0.43333333333333335,0.5473684210526316,0.268,0.298,0.5,2026-09-16 12:41:35,,,,False
1e168fe13640f2bd,9c54d6e5a21ac0b8b19331c365850013a956ecdd613528412bffc130fb7920fa,general_pipeline/results_external/german_credit__baseline__xgboost.json,external_benchmark,german_credit,german_credit__baseline__xgboost,xgboost,xgboost,xgboost,external,baseline,completed,True,False,20,800,200,0.7761904761904762,0.6430850168405913,0.77,0.64,0.5333333333333333,0.5818181818181818,0.021,0.025,0.5,2026-09-16 12:41:36,,,,False
a869da756586eecc,6bafe32f1227dda893faa1e14781b2508665e24bdf1323df33f483c1bfd88297,general_pipeline/results_external/german_credit__optimized__catboost.json,external_benchmark,german_credit,german_credit__optimized__catboost,catboost,catboost,catboost,external,optimized,completed,True,False,20,800,200,0.8111904761904762,0.6845159675297261,0.79,0.7045454545454546,0.5166666666666667,0.5961538461538461,0.585,0.59,0.5,2026-09-16 12:41:40,,,,False
adb8cc6c3cbd6e1f,752d7ce4395f341952a7e15c66c2b11d09f4c06c483a332c83a2c93f1ac3b933,general_pipeline/results_external/german_credit__optimized__extra_trees.json,external_benchmark,german_credit,german_credit__optimized__extra_trees,extra_trees,extra_trees,extra_trees,external,optimized,completed,True,False,20,800,200,0.7928571428571429,0.6527604902530167,0.735,0.6296296296296297,0.2833333333333333,0.39080459770114945,0.746,0.923,0.5,2026-09-16 12:41:38,,,,False
c1659a7c847273bf,ee596d9def2c64105867836615ec2f022e6ff0e77e6cded965233b797f6dd3b6,general_pipeline/results_external/german_credit__optimized__hist_gradient_boosting.json,external_benchmark,german_credit,german_credit__optimized__hist_gradient_boosting,hist_gradient_boosting,hist_gradient_boosting,hist_gradient_boosting,external,optimized,completed,True,False,20,800,200,0.7533333333333333,0.5946805073520056,0.755,0.6222222222222222,0.4666666666666667,0.5333333333333333,0.899,0.928,0.5,2026-09-16 12:41:39,,,,False
e4b6d7ef05cbbb57,b54ed8f52c573a2296810fcf447e4b8887f0a4d7de9b53ba0d42e8226caa1d1f,general_pipeline/results_external/german_credit__optimized__lightgbm.json,external_benchmark,german_credit,german_credit__optimized__lightgbm,lightgbm,lightgbm,lightgbm,external,optimized,completed,True,False,20,800,200,0.7797619047619048,0.6517661841705398,0.765,0.6444444444444445,0.48333333333333334,0.5523809523809524,0.393,0.399,0.5,2026-09-16 12:41:39,,,,False
86238a0704dd8c6f,ac8da7b653df61821d25bead974ef6d14a6bd408519651d77b9194622307c6b4,general_pipeline/results_external/german_credit__optimized__logistic_regression.json,external_benchmark,german_credit,german_credit__optimized__logistic_regression,logistic_regression,logistic_regression,logistic_regression,external,optimized,completed,True,False,20,800,200,0.7746428571428572,0.6123413293813259,0.745,0.6153846153846154,0.4,0.48484848484848486,0.005,0.008,0.5,2026-09-16 12:41:36,,,,False
3444cc6ed5b69571,2c6e82ca191e59e2db573f8542c5636141abe4354d158db516dff4735d5a1f53,general_pipeline/results_external/german_credit__optimized__random_forest.json,external_benchmark,german_credit,german_credit__optimized__random_forest,random_forest,random_forest,random_forest,external,optimized,completed,True,False,20,800,200,0.8034523809523809,0.678904752087584,0.79,0.75,0.45,0.5625,0.704,0.764,0.5,2026-09-16 12:41:37,,,,False
e193e65d285202bb,645f674b79c4df13199926687ab458a875eaf8021781fdcc27ef19186e224f63,general_pipeline/results_external/german_credit__optimized__xgboost.json,external_benchmark,german_credit,german_credit__optimized__xgboost,xgboost,xgboost,xgboost,external,optimized,completed,True,False,20,800,200,0.7732142857142856,0.6388498655950984,0.765,0.6444444444444445,0.48333333333333334,0.5523809523809524,0.122,0.129,0.5,2026-09-16 12:41:40,,,,False
1fd24724040f3691,d253d6f18514611faee78172e59300ffccc3dee33e3755fc9421b06d0e48911b,external_projects/german_credit_exp/results/ladder/01_safe_baseline_logistic.json,external_playbook,german_credit,1,baseline_logistic,logistic_regression,logistic_regression,safe,none,completed,True,False,20,800,200,0.7747619047619048,0.612373075413072,0.745,0.6153846153846154,0.4,0.48484848484848486,0.008,0.016,0.5,2026-09-16 13:58:12,,Floor: logistic regression on raw features.,,False
fef2097db65c3690,5b8e4082b29ae1faea0b1140fc3c3fae8f968f0a184e863d594c20db246a9576,external_projects/german_credit_exp/results/ladder/10_safe_hist_gradient_boosting.json,external_playbook,german_credit,10,hist_gradient_boosting,hist_gradient_boosting,hist_gradient_boosting,safe,none,completed,True,False,61,800,200,0.7926190476190477,0.6768451380281431,0.765,0.6326530612244898,0.5166666666666667,0.5688073394495413,0.192,0.198,0.5,2026-09-16 13:58:55,,Sklearn HistGB on full FE (HyperAck exp 10).,,False
e971c8e3a3ca9077,b3d240fef3c084619da8b4c504c14fde9b7e2e63340dfee5140673731dce1d7b,external_projects/german_credit_exp/results/ladder/11_safe_extra_trees_strong.json,external_playbook,german_credit,11,extra_trees_strong,extra_trees,extra_trees,safe,hand_tuned,completed,True,False,61,800,200,0.798452380952381,0.6745113034616088,0.75,0.625,0.4166666666666667,0.5,0.407,0.463,0.5,2026-09-16 13:58:56,,"Strong ExtraTrees (n=600, depth=14) on full FE.",,False
c2e63e7c31bdde86,49edd068304f630001dff9f81641682c2eaa9ad3ec78f6c3bdc9c3255d325a99,external_projects/german_credit_exp/results/ladder/12_safe_calibrated_lgbm_threshold.json,external_playbook,german_credit,12,calibrated_lgbm_threshold,lightgbm,lightgbm,safe,isotonic_calibration,completed,True,False,61,800,200,0.784047619047619,0.6736511450504504,0.79,0.7368421052631579,0.4666666666666667,0.5714285714285714,2.97,2.983,0.5,2026-09-16 13:58:59,,Isotonic-calibrated LightGBM; threshold kept at 0.5 for ranking metrics.,,False
8a862322d64e26b3,e66dd27ff1850f929295b583a6dce3e829cfbcb66bcb83717129efc132c332cc,external_projects/german_credit_exp/results/ladder/13_safe_stacking_ensemble.json,external_playbook,german_credit,13,stacking_ensemble,stacking_ensemble,ensemble,safe,oof_stacking,completed,True,False,61,800,200,0.8061904761904761,0.6850806887932308,0.79,0.6956521739130435,0.5333333333333333,0.6037735849056604,4.483,4.566,0.5,2026-09-16 13:59:04,,ET+LGBM+XGB stacked with logistic meta-learner (HyperAck exp 13).,,False
f4a2b1224c1f3483,c4a346e22b74b6c0a87233e5c048e3e2db52e8f3873303df5318fb556e0e8fdc,external_projects/german_credit_exp/results/ladder/14_safe_soft_vote_blend.json,external_playbook,german_credit,14,soft_vote_blend,soft_vote_blend,ensemble,safe,soft_probability_blend,completed,True,False,61,800,200,0.8049999999999999,0.6967527074979655,0.805,0.7441860465116279,0.5333333333333333,0.6213592233009708,1.194,1.253,0.5,2026-09-16 13:59:06,,Soft-vote blend ET+LGBM+XGB (HyperAck exp 15 / optimized safe champion style).,,False
68a41f115ae0dfd5,f86d4d4d66e2daf0021190955b4c40a615b60a6936004ba868d7f9d889367f55,external_projects/german_credit_exp/results/ladder/15_safe_leakage_honesty_check.json,external_playbook,german_credit,15,leakage_honesty_check,lightgbm,lightgbm,safe,none,completed,True,False,61,800,200,0.7972619047619048,0.6962186080475142,0.795,0.6862745098039216,0.5833333333333334,0.6306306306306306,1.236,1.244,0.5,2026-09-16 13:59:07,,Honesty marker: LightGBM on full FE under this mode. Compare safe vs unsafe of this id to measure leakage cost.,,False
ba036778395d9db5,6098fa0634ce3a305094706131624c02d908a951d9d511112d659bf7660f6ff5,external_projects/german_credit_exp/results/ladder/02_safe_baseline_lightgbm.json,external_playbook,german_credit,2,baseline_lightgbm,lightgbm,lightgbm,safe,none,completed,True,False,20,800,200,0.7827380952380952,0.6472192280923542,0.76,0.6153846153846154,0.5333333333333333,0.5714285714285714,1.046,1.057,0.5,2026-09-16 13:58:13,,Strong GBDT baseline on raw features (HyperAck exp 02).,,False
44518c9a2769097f,92e20f133e6ec3ee36d52651b4838e42ce5013fd4f633bae5e1379c86204a4ab,external_projects/german_credit_exp/results/ladder/03_safe_fe_log_transforms.json,external_playbook,german_credit,3,fe_log_transforms,lightgbm,lightgbm,safe,none,completed,True,False,33,800,200,0.7827380952380952,0.6472192280923542,0.76,0.6153846153846154,0.5333333333333333,0.5714285714285714,1.18,1.191,0.5,2026-09-16 13:58:14,,Add log1p transforms for skewed non-negative columns.,,False
964f12b3b4dcea90,bb22e22897dc304a779542d1ecc1b8655ddfcded3a6826bb31eeb9fcf24d3e1d,external_projects/german_credit_exp/results/ladder/04_safe_fe_ratios.json,external_playbook,german_credit,4,fe_ratios,lightgbm,lightgbm,safe,none,completed,True,False,48,800,200,0.8051190476190476,0.7139140707780821,0.8,0.7083333333333334,0.5666666666666667,0.6296296296296297,0.931,0.939,0.5,2026-09-16 13:58:15,,Add pairwise intensity ratios among high-variance features.,,False
9c96dc6be6085a1a,ee67ae6b74207e371ecf07229ff1495cd59f054c65dedf2112d820c217aaf946,external_projects/german_credit_exp/results/ladder/05_safe_fe_interactions.json,external_playbook,german_credit,5,fe_interactions,lightgbm,lightgbm,safe,none,completed,True,False,56,800,200,0.7958333333333333,0.7040117144565355,0.815,0.7446808510638298,0.5833333333333334,0.6542056074766355,0.872,0.897,0.5,2026-09-16 13:58:17,,Multiplicative interactions among top-MI features.,,False
4f34601a5eed7156,e73ccaa684a10ed09bf11593ce85af2dbf36fca5c839edd52e415dacb5fbbc67,external_projects/german_credit_exp/results/ladder/06_safe_fe_full_clusters_bins.json,external_playbook,german_credit,6,fe_full_clusters_bins,lightgbm,lightgbm,safe,none,completed,True,False,61,800,200,0.7989285714285714,0.7114685436371806,0.795,0.6792452830188679,0.6,0.6371681415929203,0.55,0.556,0.5,2026-09-16 13:58:17,,Full FE: logs+ratios+interactions+KMeans clusters+quantile bins (train-fit).,,False
6b7c744ebbf843c4,537c37914c6841be38b445c79da1feb486c2abd408e1eef5bdce9cfef595eb41,external_projects/german_credit_exp/results/ladder/07_safe_feature_selection_mi.json,external_playbook,german_credit,7,feature_selection_mi,lightgbm,lightgbm,safe,mutual_info_selection,completed,True,False,25,800,200,0.7661904761904761,0.6099495632563829,0.735,0.5714285714285714,0.4666666666666667,0.5137614678899083,0.585,0.593,0.5,2026-09-16 13:58:18,,Keep top-MI subset of full FE matrix (HyperAck exp 07).,,False
f8db9901d26420d8,7aa6324eb06904aba2ec3ff9c093a1259d9e816a8bdf7d70f3be3d948355109c,external_projects/german_credit_exp/results/ladder/08_safe_tuned_xgboost.json,external_playbook,german_credit,8,tuned_xgboost,xgboost,xgboost,safe,RandomizedSearchCV_roc_auc,completed,True,False,61,800,200,0.8082142857142857,0.714915639623467,0.79,0.7142857142857143,0.5,0.5882352941176471,4.086,4.099,0.5,2026-09-16 13:58:23,,RandomizedSearchCV on XGBoost over full FE (HyperAck exp 08).,,False
2d1e0c6c1e471763,b8b9701bbdc9296b44d28ee9b0f1e22d75ad8d501b2b1b01c99ca8c69ed73321,external_projects/german_credit_exp/results/ladder/09_safe_tuned_lightgbm.json,external_playbook,german_credit,9,tuned_lightgbm,lightgbm,lightgbm,safe,RandomizedSearchCV_roc_auc,completed,True,False,61,800,200,0.7904761904761906,0.6752150504858234,0.77,0.675,0.45,0.54,31.416,31.424,0.5,2026-09-16 13:58:55,,RandomizedSearchCV on LightGBM over full FE (HyperAck exp 09).,,False
e81a8730b0554dda,f84d934ba645f750a4cb7d71810ed726e2256527330a917b7709e1ddc1e2e6c5,external_projects/german_credit_exp/results/ladder/01_unsafe_baseline_logistic.json,external_playbook,german_credit,1,baseline_logistic,logistic_regression,logistic_regression,unsafe,none,completed,True,False,20,800,200,0.7747619047619048,0.612373075413072,0.745,0.6153846153846154,0.4,0.48484848484848486,0.005,0.009,0.5,2026-09-16 13:59:07,,Floor: logistic regression on raw features.,,False
4e9dbdfb9269dda9,f9a37a7a092d5f940f7779d3982305ef4073a44bb9128ed28b7fc96f7bf2e2b2,external_projects/german_credit_exp/results/ladder/10_unsafe_hist_gradient_boosting.json,external_playbook,german_credit,10,hist_gradient_boosting,hist_gradient_boosting,hist_gradient_boosting,unsafe,none,completed,True,False,61,800,200,0.7926190476190477,0.6768451380281431,0.765,0.6326530612244898,0.5166666666666667,0.5688073394495413,0.191,0.198,0.5,2026-09-16 13:59:42,,Sklearn HistGB on full FE (HyperAck exp 10).,,False
33dc776364e98d90,17bede211628fde5810a4e8145d0496892935ab6a1f63eaabf96dea0f765c3ec,external_projects/german_credit_exp/results/ladder/11_unsafe_extra_trees_strong.json,external_playbook,german_credit,11,extra_trees_strong,extra_trees,extra_trees,unsafe,hand_tuned,completed,True,False,61,800,200,0.798452380952381,0.6745113034616088,0.75,0.625,0.4166666666666667,0.5,0.513,0.569,0.5,2026-09-16 13:59:43,,"Strong ExtraTrees (n=600, depth=14) on full FE.",,False
d855f501c94f5ab2,8e2cfc2c191fd49b3787370e3f7979cb9f96eec0aaacc865d6215d954421bbee,external_projects/german_credit_exp/results/ladder/12_unsafe_calibrated_lgbm_threshold.json,external_playbook,german_credit,12,calibrated_lgbm_threshold,lightgbm,lightgbm,unsafe,isotonic_calibration,completed,True,False,61,800,200,0.784047619047619,0.6736511450504504,0.79,0.7368421052631579,0.4666666666666667,0.5714285714285714,2.68,2.697,0.5,2026-09-16 13:59:46,,Isotonic-calibrated LightGBM; threshold kept at 0.5 for ranking metrics.,,False
ba734023e29dd803,0602cc838fb235b22787a39075962092142e619fb96c1bf4bcdfa1efada8c2da,external_projects/german_credit_exp/results/ladder/13_unsafe_stacking_ensemble.json,external_playbook,german_credit,13,stacking_ensemble,stacking_ensemble,ensemble,unsafe,oof_stacking,completed,True,False,61,800,200,0.8061904761904761,0.6850806887932308,0.79,0.6956521739130435,0.5333333333333333,0.6037735849056604,3.921,4.004,0.5,2026-09-16 13:59:51,,ET+LGBM+XGB stacked with logistic meta-learner (HyperAck exp 13).,,False
a20334eba6d9f857,4069feb7d1f8b4806baafbd5bb2458199c4764f6e870ce6ba2499cd2239ae944,external_projects/german_credit_exp/results/ladder/14_unsafe_soft_vote_blend.json,external_playbook,german_credit,14,soft_vote_blend,soft_vote_blend,ensemble,unsafe,soft_probability_blend,completed,True,False,61,800,200,0.8049999999999999,0.6967527074979655,0.805,0.7441860465116279,0.5333333333333333,0.6213592233009708,1.679,1.771,0.5,2026-09-16 13:59:53,,Soft-vote blend ET+LGBM+XGB (HyperAck exp 15 / optimized safe champion style).,,False
2645f00e70d897de,10b4aab52f180b9436c03005919e675e1947a8fc3d97a73ab053b0ce8193306a,external_projects/german_credit_exp/results/ladder/15_unsafe_leakage_honesty_check.json,external_playbook,german_credit,15,leakage_honesty_check,lightgbm,lightgbm,unsafe,none,completed,True,False,61,800,200,0.7972619047619048,0.6962186080475142,0.795,0.6862745098039216,0.5833333333333334,0.6306306306306306,1.669,1.69,0.5,2026-09-16 13:59:55,,Honesty marker: LightGBM on full FE under this mode. Compare safe vs unsafe of this id to measure leakage cost.,,False
4bb6e5d270acc915,914acc2a31da61388bc4f633ddc66baa98d51265c2ea5cb6d71451c6f1fd8915,external_projects/german_credit_exp/results/ladder/02_unsafe_baseline_lightgbm.json,external_playbook,german_credit,2,baseline_lightgbm,lightgbm,lightgbm,unsafe,none,completed,True,False,20,800,200,0.7827380952380952,0.6472192280923542,0.76,0.6153846153846154,0.5333333333333333,0.5714285714285714,0.409,0.418,0.5,2026-09-16 13:59:08,,Strong GBDT baseline on raw features (HyperAck exp 02).,,False
88206bfb80c49a4b,d786e1b0ae79e01e07210ba71ab75f3fde53e88d941e9ff4028b1b4ee8da7c3c,external_projects/german_credit_exp/results/ladder/03_unsafe_fe_log_transforms.json,external_playbook,german_credit,3,fe_log_transforms,lightgbm,lightgbm,unsafe,none,completed,True,False,33,800,200,0.7827380952380952,0.6472192280923542,0.76,0.6153846153846154,0.5333333333333333,0.5714285714285714,0.602,0.609,0.5,2026-09-16 13:59:08,,Add log1p transforms for skewed non-negative columns.,,False
9d0e4e17918e5b46,0b37cd3a4512dac04b533d08731ec3f80f604d2b8e283c674b0981858c803566,external_projects/german_credit_exp/results/ladder/04_unsafe_fe_ratios.json,external_playbook,german_credit,4,fe_ratios,lightgbm,lightgbm,unsafe,none,completed,True,False,48,800,200,0.8051190476190476,0.7139140707780821,0.8,0.7083333333333334,0.5666666666666667,0.6296296296296297,0.569,0.579,0.5,2026-09-16 13:59:09,,Add pairwise intensity ratios among high-variance features.,,False
b7494401c15b3059,7c1decf119d05f2fcf967b3cc8c877e3d6b82c40842005783e955cdc1ed35369,external_projects/german_credit_exp/results/ladder/05_unsafe_fe_interactions.json,external_playbook,german_credit,5,fe_interactions,lightgbm,lightgbm,unsafe,none,completed,True,False,56,800,200,0.7958333333333333,0.7040117144565355,0.815,0.7446808510638298,0.5833333333333334,0.6542056074766355,0.613,0.635,0.5,2026-09-16 13:59:10,,Multiplicative interactions among top-MI features.,,False
9a0c13d8ca0595f4,f55ff8354524f778d02170f58cb22cb9c8d80e71f060c80a55a69715b2f90e45,external_projects/german_credit_exp/results/ladder/06_unsafe_fe_full_clusters_bins.json,external_playbook,german_credit,6,fe_full_clusters_bins,lightgbm,lightgbm,unsafe,none,completed,True,False,61,800,200,0.7989285714285714,0.7114685436371806,0.795,0.6792452830188679,0.6,0.6371681415929203,0.519,0.531,0.5,2026-09-16 13:59:11,,Full FE: logs+ratios+interactions+KMeans clusters+quantile bins (train-fit).,,False
82b7e04ebe13facd,94a7f0275fedb712e96a14d070a4a561e61fb20d027a7d78c4b696e6c4c535e1,external_projects/german_credit_exp/results/ladder/07_unsafe_feature_selection_mi.json,external_playbook,german_credit,7,feature_selection_mi,lightgbm,lightgbm,unsafe,mutual_info_selection,completed,True,False,25,800,200,0.7661904761904761,0.6099495632563829,0.735,0.5714285714285714,0.4666666666666667,0.5137614678899083,0.467,0.476,0.5,2026-09-16 13:59:12,,Keep top-MI subset of full FE matrix (HyperAck exp 07).,,False
8d07abb4942d389b,33cec0bfd05404db52f01d749055aec15e4bd1b4fdd769b59aff9060e0cc5fd6,external_projects/german_credit_exp/results/ladder/08_unsafe_tuned_xgboost.json,external_playbook,german_credit,8,tuned_xgboost,xgboost,xgboost,unsafe,RandomizedSearchCV_roc_auc,completed,True,False,61,800,200,0.8082142857142857,0.714915639623467,0.79,0.7142857142857143,0.5,0.5882352941176471,3.704,3.712,0.5,2026-09-16 13:59:16,,RandomizedSearchCV on XGBoost over full FE (HyperAck exp 08).,,False
6dd53a56a6dae781,ada5324f8be0b4f7711d4706b4fe09f6311f61155f9cb365087df8fce1e43bdb,external_projects/german_credit_exp/results/ladder/09_unsafe_tuned_lightgbm.json,external_playbook,german_credit,9,tuned_lightgbm,lightgbm,lightgbm,unsafe,RandomizedSearchCV_roc_auc,completed,True,False,61,800,200,0.7904761904761906,0.6752150504858234,0.77,0.675,0.45,0.54,25.994,26.004,0.5,2026-09-16 13:59:42,,RandomizedSearchCV on LightGBM over full FE (HyperAck exp 09).,,False
c56608d2be3fb25a,9181b5d56b982eee553bfd40ca9aeeff769c03ded5747fff5eb0daf4827f4394,general_pipeline/results_external/heart_disease__baseline__catboost.json,external_benchmark,heart_disease,heart_disease__baseline__catboost,catboost,catboost,catboost,external,baseline,completed,True,False,13,242,61,0.9556277056277056,0.9432392139340235,0.8852459016393442,0.8181818181818182,0.9642857142857143,0.8852459016393442,0.154,0.158,0.5,2026-09-16 12:41:41,,,,False
47672035378a1e48,89e3bed8fcf539e0921864d31bb4fb813ded88f34d470d8896ea62f950e33fe9,general_pipeline/results_external/heart_disease__baseline__extra_trees.json,external_benchmark,heart_disease,heart_disease__baseline__extra_trees,extra_trees,extra_trees,extra_trees,external,baseline,completed,True,False,13,242,61,0.9523809523809524,0.9399523020517189,0.8360655737704918,0.7647058823529411,0.9285714285714286,0.8387096774193549,0.123,0.151,0.5,2026-09-16 12:41:40,,,,False
bc78e5c5ec5ba8de,35acfccbaa0263f6a33edde64a4b62a4f16b8c69631d0e899f4f9c6bb1504137,general_pipeline/results_external/heart_disease__baseline__hist_gradient_boosting.json,external_benchmark,heart_disease,heart_disease__baseline__hist_gradient_boosting,hist_gradient_boosting,hist_gradient_boosting,hist_gradient_boosting,external,baseline,completed,True,False,13,242,61,0.9621212121212122,0.962665342439384,0.9344262295081968,0.9,0.9642857142857143,0.9310344827586207,0.033,0.037,0.5,2026-09-16 12:41:41,,,,False
73e70b2d685c22f8,26422f3ef1e23951b99891008f96822faaccde234ead826608e9925308bca054,general_pipeline/results_external/heart_disease__baseline__lightgbm.json,external_benchmark,heart_disease,heart_disease__baseline__lightgbm,lightgbm,lightgbm,lightgbm,external,baseline,completed,True,False,13,242,61,0.9523809523809524,0.9535657086422774,0.8852459016393442,0.8387096774193549,0.9285714285714286,0.8813559322033898,0.108,0.112,0.5,2026-09-16 12:41:41,,,,False
aecda29da4b67d9c,22c6c1d4a7c4a057372e6165bea2ae1a72572ebb1f10034585d7b5eb0f5569a2,general_pipeline/results_external/heart_disease__baseline__logistic_regression.json,external_benchmark,heart_disease,heart_disease__baseline__logistic_regression,logistic_regression,logistic_regression,logistic_regression,external,baseline,completed,True,False,13,242,61,0.9512987012987013,0.9233707417020479,0.8688524590163934,0.8125,0.9285714285714286,0.8666666666666667,0.003,0.007,0.5,2026-09-16 12:41:40,,,,False
f25ffebe2c84a0f7,674b0a1c1eb1c1dec7590559d4ddb667edd039e5f91d670dcd20969549ceb5b3,general_pipeline/results_external/heart_disease__baseline__random_forest.json,external_benchmark,heart_disease,heart_disease__baseline__random_forest,random_forest,random_forest,random_forest,external,baseline,completed,True,False,13,242,61,0.9577922077922079,0.9402604498947587,0.9180327868852459,0.8709677419354839,0.9642857142857143,0.9152542372881356,0.175,0.193,0.5,2026-09-16 12:41:40,,,,False
ba89f3e7332fb80b,2045759a1cf2c127166cf6ad4719e7a992d3055c7037896eeb12a1f0062dda60,general_pipeline/results_external/heart_disease__baseline__xgboost.json,external_benchmark,heart_disease,heart_disease__baseline__xgboost,xgboost,xgboost,xgboost,external,baseline,completed,True,False,13,242,61,0.9188311688311689,0.8989956294501906,0.8524590163934426,0.7878787878787878,0.9285714285714286,0.8524590163934426,0.01,0.014,0.5,2026-09-16 12:41:41,,,,False
e777e847e440069f,3c3ad17838abe3d59f8fadbeaf7548dbe6a8b5838ee6da4f916a90e215aa2c2e,general_pipeline/results_external/heart_disease__optimized__catboost.json,external_benchmark,heart_disease,heart_disease__optimized__catboost,catboost,catboost,catboost,external,optimized,completed,True,False,13,242,61,0.9318181818181819,0.9076236148255057,0.8852459016393442,0.8387096774193549,0.9285714285714286,0.8813559322033898,0.359,0.363,0.5,2026-09-16 12:41:42,,,,False
0d08b243271cf7c0,f1838cea443b350bcb0a02b68ce985aa8114a622121605db20fa47685b80e18b,general_pipeline/results_external/heart_disease__optimized__extra_trees.json,external_benchmark,heart_disease,heart_disease__optimized__extra_trees,extra_trees,extra_trees,extra_trees,external,optimized,completed,True,False,13,242,61,0.946969696969697,0.9389381379118883,0.8360655737704918,0.78125,0.8928571428571429,0.8333333333333334,0.318,0.36,0.5,2026-09-16 12:41:42,,,,False
058297b48b920b3a,b35e8d235e0935accacf597c5590ffd518e183709bb195e6efd0e2863edc009d,general_pipeline/results_external/heart_disease__optimized__hist_gradient_boosting.json,external_benchmark,heart_disease,heart_disease__optimized__hist_gradient_boosting,hist_gradient_boosting,hist_gradient_boosting,hist_gradient_boosting,external,optimized,completed,True,False,13,242,61,0.9415584415584416,0.9102343222669775,0.8688524590163934,0.8125,0.9285714285714286,0.8666666666666667,0.13,0.193,0.5,2026-09-16 12:41:42,,,,False
0f5f571d288aca1c,d36edaae247fd810cf08d6e754f9c451d3f85b747f323ba91521f32d0f592bab,general_pipeline/results_external/heart_disease__optimized__lightgbm.json,external_benchmark,heart_disease,heart_disease__optimized__lightgbm,lightgbm,lightgbm,lightgbm,external,optimized,completed,True,False,13,242,61,0.9567099567099568,0.9534481655082497,0.8852459016393442,0.8620689655172413,0.8928571428571429,0.8771929824561403,0.104,0.111,0.5,2026-09-16 12:41:42,,,,False
b725b28034e44b5a,5836ae3938422ce21c630c0d8abdd97f96e31b4cf97eaca795cde43f8d612391,general_pipeline/results_external/heart_disease__optimized__logistic_regression.json,external_benchmark,heart_disease,heart_disease__optimized__logistic_regression,logistic_regression,logistic_regression,logistic_regression,external,optimized,completed,True,False,13,242,61,0.9512987012987013,0.9233707417020479,0.8688524590163934,0.8125,0.9285714285714286,0.8666666666666667,0.003,0.006,0.5,2026-09-16 12:41:41,,,,False
3888f7ec13423424,5957ea55125d953ed91f6c952da8ec98d5ac4e4211d309165815acb9159e491e,general_pipeline/results_external/heart_disease__optimized__random_forest.json,external_benchmark,heart_disease,heart_disease__optimized__random_forest,random_forest,random_forest,random_forest,external,optimized,completed,True,False,13,242,61,0.9621212121212122,0.9507684774336818,0.9016393442622951,0.8666666666666667,0.9285714285714286,0.896551724137931,0.437,0.481,0.5,2026-09-16 12:41:41,,,,False
f5b5f1200fa70cdd,e52da7f10c4f2e26de5c00e567245213e5ab28382c4310f88c4d587cf865a8e2,general_pipeline/results_external/heart_disease__optimized__xgboost.json,external_benchmark,heart_disease,heart_disease__optimized__xgboost,xgboost,xgboost,xgboost,external,optimized,completed,True,False,13,242,61,0.9448051948051948,0.9243634744514823,0.8852459016393442,0.8387096774193549,0.9285714285714286,0.8813559322033898,0.051,0.055,0.5,2026-09-16 12:41:42,,,,False
dec1c06b5071f280,d079dc7634721145a4bb5714eb3c55600bde4fc07ac8cde3f94c56f6214c4329,external_projects/heart_disease_exp/results/ladder/01_safe_baseline_logistic.json,external_playbook,heart_disease,1,baseline_logistic,logistic_regression,logistic_regression,safe,none,completed,True,False,13,242,61,0.9512987012987013,0.9233707417020479,0.8688524590163934,0.8125,0.9285714285714286,0.8666666666666667,0.006,0.014,0.5,2026-09-16 13:46:28,,Floor: logistic regression on raw features.,,False
6e847fbecccf46e6,c93219f64f578c39cb2410f45f215f34a2e17c914c12b327cdc861342a12305c,external_projects/heart_disease_exp/results/ladder/10_safe_hist_gradient_boosting.json,external_playbook,heart_disease,10,hist_gradient_boosting,hist_gradient_boosting,hist_gradient_boosting,safe,none,completed,True,False,46,242,61,0.974025974025974,0.9741198635466549,0.9180327868852459,0.8709677419354839,0.9642857142857143,0.9152542372881356,0.074,0.08,0.5,2026-09-16 13:46:50,,Sklearn HistGB on full FE (HyperAck exp 10).,,False
324a29842e50e39f,49595448da83084a363298387e77de34eff797634fca56f54d8f9644b9175c87,external_projects/heart_disease_exp/results/ladder/11_safe_extra_trees_strong.json,external_playbook,heart_disease,11,extra_trees_strong,extra_trees,extra_trees,safe,hand_tuned,completed,True,False,46,242,61,0.9339826839826839,0.9284919790687011,0.819672131147541,0.7931034482758621,0.8214285714285714,0.8070175438596491,0.488,0.566,0.5,2026-09-16 13:46:51,,"Strong ExtraTrees (n=600, depth=14) on full FE.",,False
4fc4d6da2a48c590,2ee455ae0f59c120c39226816ef182dd81c3a107c3931d1b5682160b79a3d640,external_projects/heart_disease_exp/results/ladder/12_safe_calibrated_lgbm_threshold.json,external_playbook,heart_disease,12,calibrated_lgbm_threshold,lightgbm,lightgbm,safe,isotonic_calibration,completed,True,False,46,242,61,0.9534632034632035,0.9394097757077774,0.8852459016393442,0.8387096774193549,0.9285714285714286,0.8813559322033898,5.272,5.283,0.5,2026-09-16 13:46:56,,Isotonic-calibrated LightGBM; threshold kept at 0.5 for ranking metrics.,,False
83e2eeebf49e5d88,4948000ded949133015f61d5db1f3a66b3bdf32f706370325eee10ebcc54db6c,external_projects/heart_disease_exp/results/ladder/13_safe_stacking_ensemble.json,external_playbook,heart_disease,13,stacking_ensemble,stacking_ensemble,ensemble,safe,oof_stacking,completed,True,False,46,242,61,0.9469696969696969,0.9392157182421309,0.8688524590163934,0.8333333333333334,0.8928571428571429,0.8620689655172413,6.761,6.887,0.5,2026-09-16 13:47:03,,ET+LGBM+XGB stacked with logistic meta-learner (HyperAck exp 13).,,False
3e48322ab4b6b6fb,e307cc777a5c1134003b5fc5293452017c4eac011db9a009b291164ee9e53d4c,external_projects/heart_disease_exp/results/ladder/14_safe_soft_vote_blend.json,external_playbook,heart_disease,14,soft_vote_blend,soft_vote_blend,ensemble,safe,soft_probability_blend,completed,True,False,46,242,61,0.949134199134199,0.9395208859580129,0.8524590163934426,0.8064516129032258,0.8928571428571429,0.847457627118644,1.449,1.552,0.5,2026-09-16 13:47:05,,Soft-vote blend ET+LGBM+XGB (HyperAck exp 15 / optimized safe champion style).,,False
70e600459c10748f,a158924f5687970efcc12b4b1df66cbaa91e7a308e8de7345db2ddce6454ed25,external_projects/heart_disease_exp/results/ladder/15_safe_leakage_honesty_check.json,external_playbook,heart_disease,15,leakage_honesty_check,lightgbm,lightgbm,safe,none,completed,True,False,46,242,61,0.9664502164502164,0.9674842240983278,0.8852459016393442,0.8181818181818182,0.9642857142857143,0.8852459016393442,2.469,2.488,0.5,2026-09-16 13:47:08,,Honesty marker: LightGBM on full FE under this mode. Compare safe vs unsafe of this id to measure leakage cost.,,False
3bf51cf800a1b19c,8d8d1231009dabc60c0815dff453f6fcefe253e3f640ec5425a38a3d577c5a6a,external_projects/heart_disease_exp/results/ladder/02_safe_baseline_lightgbm.json,external_playbook,heart_disease,2,baseline_lightgbm,lightgbm,lightgbm,safe,none,completed,True,False,13,242,61,0.9523809523809524,0.9535657086422774,0.8852459016393442,0.8387096774193549,0.9285714285714286,0.8813559322033898,0.458,0.47,0.5,2026-09-16 13:46:28,,Strong GBDT baseline on raw features (HyperAck exp 02).,,False
2a7e97e55617d679,301acf785d8921e77d8f829bb0b8bddcf3e6813b42de77cd55ce6aa77ca71fb5,external_projects/heart_disease_exp/results/ladder/03_safe_fe_log_transforms.json,external_playbook,heart_disease,3,fe_log_transforms,lightgbm,lightgbm,safe,none,completed,True,False,18,242,61,0.9523809523809524,0.9535657086422774,0.8852459016393442,0.8387096774193549,0.9285714285714286,0.8813559322033898,0.512,0.52,0.5,2026-09-16 13:46:29,,Add log1p transforms for skewed non-negative columns.,,False
18d8fb7ae33bc74a,be0dd2a1fa481fdc37c0ac72f79f2de94ccf377b14595144feb9bcc0e397b146,external_projects/heart_disease_exp/results/ladder/04_safe_fe_ratios.json,external_playbook,heart_disease,4,fe_ratios,lightgbm,lightgbm,safe,none,completed,True,False,33,242,61,0.9523809523809523,0.9430757582129201,0.8852459016393442,0.8387096774193549,0.9285714285714286,0.8813559322033898,0.666,0.676,0.5,2026-09-16 13:46:30,,Add pairwise intensity ratios among high-variance features.,,False
5f9f53e485696544,da401a310525e3beff9e3235731234c9ecd0b562c2b60dcd13af03a5864173a3,external_projects/heart_disease_exp/results/ladder/05_safe_fe_interactions.json,external_playbook,heart_disease,5,fe_interactions,lightgbm,lightgbm,safe,none,completed,True,False,41,242,61,0.95995670995671,0.9590174389288824,0.8852459016393442,0.8181818181818182,0.9642857142857143,0.8852459016393442,0.251,0.258,0.5,2026-09-16 13:46:30,,Multiplicative interactions among top-MI features.,,False
cfcc3342a4953e6c,a5163d3e77dda4bb63c2c1eb548054edc074ba749b9711c670b46a9105402a6a,external_projects/heart_disease_exp/results/ladder/06_safe_fe_full.json,external_playbook,heart_disease,6,fe_full,lightgbm,lightgbm,safe,none,completed,True,False,46,242,61,0.9632034632034632,0.9638463704061262,0.8852459016393442,0.8181818181818182,0.9642857142857143,0.8852459016393442,1.03,1.038,0.5,2026-09-16 13:25:14,,,,False
7e868e68293482b5,17c29510e6df33754acbaacf1c0d2c161303d426c3fee0c529f393e404b87509,external_projects/heart_disease_exp/results/ladder/06_safe_fe_full_clusters_bins.json,external_playbook,heart_disease,6,fe_full_clusters_bins,lightgbm,lightgbm,safe,none,completed,True,False,46,242,61,0.9632034632034632,0.9638463704061262,0.8852459016393442,0.8181818181818182,0.9642857142857143,0.8852459016393442,0.188,0.194,0.5,2026-09-16 13:46:30,,Full FE: logs+ratios+interactions+KMeans clusters+quantile bins (train-fit).,,False
1258f1d6e8a91bd6,0a5bc3fe2f19db0749700a9db0844e1d22103c93fdab14946a33195ed4119e7b,external_projects/heart_disease_exp/results/ladder/07_safe_feature_selection_mi.json,external_playbook,heart_disease,7,feature_selection_mi,lightgbm,lightgbm,safe,mutual_info_selection,completed,True,False,25,242,61,0.9502164502164503,0.9518477418233154,0.8524590163934426,0.7714285714285715,0.9642857142857143,0.8571428571428571,0.198,0.204,0.5,2026-09-16 13:46:31,,Keep top-MI subset of full FE matrix (HyperAck exp 07).,,False
5519eb409a22d937,1d9ee37c7fb51215a9af377441d40e8ad4aed1a38cf47b69859c17bf571b71ea,external_projects/heart_disease_exp/results/ladder/08_safe_tuned_xgboost.json,external_playbook,heart_disease,8,tuned_xgboost,xgboost,xgboost,safe,RandomizedSearchCV_roc_auc,completed,True,False,46,242,61,0.9534632034632035,0.951264351825233,0.8852459016393442,0.8387096774193549,0.9285714285714286,0.8813559322033898,1.381,1.389,0.5,2026-09-16 13:46:32,,RandomizedSearchCV on XGBoost over full FE (HyperAck exp 08).,,False
014e5dc51bea6576,fe96031547fd89c197dbf5181fd1720263a721f63020a9648191ff880d9ce22a,external_projects/heart_disease_exp/results/ladder/09_safe_tuned_lightgbm.json,external_playbook,heart_disease,9,tuned_lightgbm,lightgbm,lightgbm,safe,RandomizedSearchCV_roc_auc,completed,True,False,46,242,61,0.9545454545454546,0.9506066907789283,0.8688524590163934,0.8333333333333334,0.8928571428571429,0.8620689655172413,17.121,17.128,0.5,2026-09-16 13:46:50,,RandomizedSearchCV on LightGBM over full FE (HyperAck exp 09).,,False
f3dd4ac40995c897,04273cfc6d92eb91666508985dc8aa2d6f1262f63b49705d53024c2cd3035d9a,external_projects/heart_disease_exp/results/ladder/01_unsafe_baseline_logistic.json,external_playbook,heart_disease,1,baseline_logistic,logistic_regression,logistic_regression,unsafe,none,completed,True,False,13,242,61,0.9512987012987013,0.9233707417020479,0.8688524590163934,0.8125,0.9285714285714286,0.8666666666666667,0.006,0.011,0.5,2026-09-16 13:47:08,,Floor: logistic regression on raw features.,,False
3eff1f60970c107e,bcb31f3479fb5b1193afa90e9199f4b8d85522e2ef27f35d26013d9455efe67d,external_projects/heart_disease_exp/results/ladder/10_unsafe_hist_gradient_boosting.json,external_playbook,heart_disease,10,hist_gradient_boosting,hist_gradient_boosting,hist_gradient_boosting,unsafe,none,completed,True,False,46,242,61,0.974025974025974,0.9741198635466549,0.9180327868852459,0.8709677419354839,0.9642857142857143,0.9152542372881356,0.081,0.088,0.5,2026-09-16 13:47:40,,Sklearn HistGB on full FE (HyperAck exp 10).,,False
954adf042f807ba7,53c7eddfbfda61f567f4f4080a58ef29772486359735cf7d2f2e3c04c582e58e,external_projects/heart_disease_exp/results/ladder/11_unsafe_extra_trees_strong.json,external_playbook,heart_disease,11,extra_trees_strong,extra_trees,extra_trees,unsafe,hand_tuned,completed,True,False,46,242,61,0.9339826839826839,0.9284919790687011,0.819672131147541,0.7931034482758621,0.8214285714285714,0.8070175438596491,0.509,0.584,0.5,2026-09-16 13:47:40,,"Strong ExtraTrees (n=600, depth=14) on full FE.",,False
da51d7c961326394,b8c7f532c115d0ca959b81cd8ac99c460590a8f59de946be36cd9c7d14f6afe9,external_projects/heart_disease_exp/results/ladder/12_unsafe_calibrated_lgbm_threshold.json,external_playbook,heart_disease,12,calibrated_lgbm_threshold,lightgbm,lightgbm,unsafe,isotonic_calibration,completed,True,False,46,242,61,0.9534632034632035,0.9394097757077774,0.8852459016393442,0.8387096774193549,0.9285714285714286,0.8813559322033898,5.749,5.759,0.5,2026-09-16 13:47:46,,Isotonic-calibrated LightGBM; threshold kept at 0.5 for ranking metrics.,,False
27dc3ff910e96de1,f12b8fc0a2f45fe9f021ed8ce62d11048b166dfe961cd30daef4271478493e2a,external_projects/heart_disease_exp/results/ladder/13_unsafe_stacking_ensemble.json,external_playbook,heart_disease,13,stacking_ensemble,stacking_ensemble,ensemble,unsafe,oof_stacking,completed,True,False,46,242,61,0.9469696969696969,0.9392157182421309,0.8688524590163934,0.8333333333333334,0.8928571428571429,0.8620689655172413,6.579,6.703,0.5,2026-09-16 13:47:53,,ET+LGBM+XGB stacked with logistic meta-learner (HyperAck exp 13).,,False
a56a872f25d68085,7ff7e77c78df433bd88b72d254bdf04f5cf1bd46a6b0bc6600d7ab61f30e361d,external_projects/heart_disease_exp/results/ladder/14_unsafe_soft_vote_blend.json,external_playbook,heart_disease,14,soft_vote_blend,soft_vote_blend,ensemble,unsafe,soft_probability_blend,completed,True,False,46,242,61,0.949134199134199,0.9395208859580129,0.8524590163934426,0.8064516129032258,0.8928571428571429,0.847457627118644,1.442,1.533,0.5,2026-09-16 13:47:55,,Soft-vote blend ET+LGBM+XGB (HyperAck exp 15 / optimized safe champion style).,,False
2075f679e83e0b5c,80cbbbd589b24a18c4e49fbd9815bbf3e2f576914bb9195cb63ef6c299ed78bb,external_projects/heart_disease_exp/results/ladder/15_unsafe_leakage_honesty_check.json,external_playbook,heart_disease,15,leakage_honesty_check,lightgbm,lightgbm,unsafe,none,completed,True,False,46,242,61,0.9664502164502164,0.9674842240983278,0.8852459016393442,0.8181818181818182,0.9642857142857143,0.8852459016393442,2.498,2.513,0.5,2026-09-16 13:47:58,,Honesty marker: LightGBM on full FE under this mode. Compare safe vs unsafe of this id to measure leakage cost.,,False
dda0fb604834b2ec,092d638e41cab98987d31f2f01201e9ebd511d83233d3c0992aa5b9e3c83a462,external_projects/heart_disease_exp/results/ladder/02_unsafe_baseline_lightgbm.json,external_playbook,heart_disease,2,baseline_lightgbm,lightgbm,lightgbm,unsafe,none,completed,True,False,13,242,61,0.9523809523809524,0.9535657086422774,0.8852459016393442,0.8387096774193549,0.9285714285714286,0.8813559322033898,0.891,0.896,0.5,2026-09-16 13:47:09,,Strong GBDT baseline on raw features (HyperAck exp 02).,,False
343259803f1f8e32,cce376e48a22a0a8c4157b187095e440d2d2570770559f34162bb6b872e3b91a,external_projects/heart_disease_exp/results/ladder/03_unsafe_fe_log_transforms.json,external_playbook,heart_disease,3,fe_log_transforms,lightgbm,lightgbm,unsafe,none,completed,True,False,18,242,61,0.9523809523809524,0.9535657086422774,0.8852459016393442,0.8387096774193549,0.9285714285714286,0.8813559322033898,0.826,0.831,0.5,2026-09-16 13:47:09,,Add log1p transforms for skewed non-negative columns.,,False
99031cc5ae101334,45896c5d0a8ccc3e182f6428acf03c67372961f314aa94889a9a95721ae1bc55,external_projects/heart_disease_exp/results/ladder/04_unsafe_fe_ratios.json,external_playbook,heart_disease,4,fe_ratios,lightgbm,lightgbm,unsafe,none,completed,True,False,33,242,61,0.9523809523809523,0.9430757582129201,0.8852459016393442,0.8387096774193549,0.9285714285714286,0.8813559322033898,1.032,1.039,0.5,2026-09-16 13:47:11,,Add pairwise intensity ratios among high-variance features.,,False
4b5fb3862289a86d,e7f7bde710aec041a5b3ef3ac56e3ff47dcad972a09998777930b7a9a31b7c46,external_projects/heart_disease_exp/results/ladder/05_unsafe_fe_interactions.json,external_playbook,heart_disease,5,fe_interactions,lightgbm,lightgbm,unsafe,none,completed,True,False,41,242,61,0.95995670995671,0.9590174389288824,0.8852459016393442,0.8181818181818182,0.9642857142857143,0.8852459016393442,1.397,1.413,0.5,2026-09-16 13:47:12,,Multiplicative interactions among top-MI features.,,False
4b666973ece02462,a4b24705e0848224bb218c71773c7bdd107f5606bbb2745b416a8a98d1a73b78,external_projects/heart_disease_exp/results/ladder/06_unsafe_fe_full_clusters_bins.json,external_playbook,heart_disease,6,fe_full_clusters_bins,lightgbm,lightgbm,unsafe,none,completed,True,False,46,242,61,0.9632034632034632,0.9638463704061262,0.8852459016393442,0.8181818181818182,0.9642857142857143,0.8852459016393442,0.994,1.003,0.5,2026-09-16 13:47:13,,Full FE: logs+ratios+interactions+KMeans clusters+quantile bins (train-fit).,,False
f8cca8f650135cc6,6a7a414777493168cb63f542e6e99f06cbfcd1b7b72c3586cdbb59a6b2a115d9,external_projects/heart_disease_exp/results/ladder/07_unsafe_feature_selection_mi.json,external_playbook,heart_disease,7,feature_selection_mi,lightgbm,lightgbm,unsafe,mutual_info_selection,completed,True,False,25,242,61,0.9502164502164503,0.9518477418233154,0.8524590163934426,0.7714285714285715,0.9642857142857143,0.8571428571428571,0.953,0.962,0.5,2026-09-16 13:47:14,,Keep top-MI subset of full FE matrix (HyperAck exp 07).,,False
fc2d3bfb6ed08b79,be1f64d97a32857fa754021739bc810fdf8b5bf7ba760255c83c6f5f5404f941,external_projects/heart_disease_exp/results/ladder/08_unsafe_tuned_xgboost.json,external_playbook,heart_disease,8,tuned_xgboost,xgboost,xgboost,unsafe,RandomizedSearchCV_roc_auc,completed,True,False,46,242,61,0.9534632034632035,0.951264351825233,0.8852459016393442,0.8387096774193549,0.9285714285714286,0.8813559322033898,5.216,5.225,0.5,2026-09-16 13:47:20,,RandomizedSearchCV on XGBoost over full FE (HyperAck exp 08).,,False
8789a185bf344edc,901ed76151a23d0ea0ab76b2072cdc87c1ad6456eb907581fdbd9b9bda7f6e3e,external_projects/heart_disease_exp/results/ladder/09_unsafe_tuned_lightgbm.json,external_playbook,heart_disease,9,tuned_lightgbm,lightgbm,lightgbm,unsafe,RandomizedSearchCV_roc_auc,completed,True,False,46,242,61,0.9545454545454546,0.9506066907789283,0.8688524590163934,0.8333333333333334,0.8928571428571429,0.8620689655172413,19.309,19.318,0.5,2026-09-16 13:47:39,,RandomizedSearchCV on LightGBM over full FE (HyperAck exp 09).,,False
7819e4fd047f7feb,61eb9c038ae5750d1cd5dc6590fccb55fa131b02edfb4bee6c7e1b06296eb0df,general_pipeline/results/safe_baseline_catboost.json,hyperack_4way,hyperack,safe_baseline_catboost,catboost,catboost,catboost,safe,baseline,completed,True,True,25,,,0.9435146852054367,0.9454714161209705,0.873987398739874,0.9258426966292135,0.7938342967244701,0.8547717842323651,1.695,1.728,0.5,2026-09-16 09:20:45,,,,False
15e4104e04be65ba,aae7a062d360ceae2b6b8c84b9473613c327fd38feb3186cf507961fdb38f4ef,general_pipeline/results/safe_baseline_extra_trees.json,hyperack_4way,hyperack,safe_baseline_extra_trees,extra_trees,extra_trees,extra_trees,safe,baseline,completed,True,True,25,,,0.9368490600427017,0.9427032646129825,0.869036903690369,0.9099890230515917,0.7986512524084779,0.8506926629040533,0.71,0.791,0.5,2026-09-16 09:20:42,,,,False
e8ee7d4c2917841e,122f01915e5ffa2cb0d209ef6251cc1a3335d59d56e400513d954fa8402b482e,general_pipeline/results/safe_baseline_hist_gradient_boosting.json,hyperack_4way,hyperack,safe_baseline_hist_gradient_boosting,hist_gradient_boosting,hist_gradient_boosting,hist_gradient_boosting,safe,baseline,completed,True,True,25,,,0.9426237111388847,0.9464809576046143,0.8703870387038704,0.9222972972972973,0.7890173410404624,0.8504672897196262,0.351,0.371,0.5,2026-09-16 09:20:42,,,,False
4c75136912879e99,2c17483d1a6ba74096af267f4521a205ea2bc35b92b852c6af79d374a28c9b41,general_pipeline/results/safe_baseline_lightgbm.json,hyperack_4way,hyperack,safe_baseline_lightgbm,lightgbm,lightgbm,lightgbm,safe,baseline,completed,True,True,25,,,0.9425895367911263,0.9445980527209801,0.8636363636363636,0.9096989966555183,0.7861271676300579,0.8434108527131783,0.641,0.654,0.5,2026-09-16 09:20:43,,,,False
ba8de4f05bc0a37f,098bc1c327881bcd010131bddec849925a72cfb950fdced72938bfc90b9f0319,general_pipeline/results/safe_baseline_linear_svc.json,hyperack_4way,hyperack,safe_baseline_linear_svc,linear_svc,linear_svc,linear_svc,safe,baseline,completed,True,True,25,,,0.882403628339322,0.8657872034501367,0.851935193519352,0.9527458492975734,0.7186897880539499,0.8193300384404174,0.109,0.117,0.5,2026-09-16 09:20:38,,,,False
34e6a6181b26921c,e83e37a1be0a90cbf5c390d08afdd0160ac85d74140a036e4540ea3d0e01babc,general_pipeline/results/safe_baseline_logistic_regression.json,hyperack_4way,hyperack,safe_baseline_logistic_regression,logistic_regression,logistic_regression,logistic_regression,safe,baseline,completed,True,True,25,,,0.8817779123053691,0.8641686587977818,0.851035103510351,0.9491740787801779,0.7196531791907514,0.8186301369863014,0.075,0.084,0.5,2026-09-16 09:20:38,,,,False
2d5a27f7a7e548cf,5b1dcf87230f8db71daa16aeefb1fc532fd73308c1aa18dc3af7edf50b32a886,general_pipeline/results/safe_baseline_random_forest.json,hyperack_4way,hyperack,safe_baseline_random_forest,random_forest,random_forest,random_forest,safe,baseline,completed,True,True,25,,,0.9407522587616518,0.9439985348903551,0.8721872187218722,0.9188888888888889,0.7967244701348748,0.8534571723426213,2.278,2.346,0.5,2026-09-16 09:20:41,,,,False
736c31d4ff51661a,34a41d8c1e959175d22a8499ab32269ae28ef9a6e5ebb849d831d62f2b9635e1,general_pipeline/results/safe_baseline_soft_vote_blend.json,hyperack_4way,hyperack,safe_baseline_soft_vote_blend,soft_vote_blend,soft_vote_blend,ensemble,safe,baseline,completed,True,True,25,,,0.9441672525126282,0.9481243704948232,0.8712871287128713,0.9454976303317536,0.7687861271676301,0.8480340063761955,3.576,3.698,0.5,2026-09-16 09:21:05,,,,False
bffc7398bf27dad6,98571851673be861e8020f7bf9d28281461768082d0158df3241514ab14dc775,general_pipeline/results/safe_baseline_stacking_ensemble.json,hyperack_4way,hyperack,safe_baseline_stacking_ensemble,stacking_ensemble,stacking_ensemble,ensemble,safe,baseline,completed,True,True,25,,,0.9445016729156903,0.9483981356961751,0.8721872187218722,0.922645739910314,0.7928709055876686,0.8528497409326425,15.975,16.179,0.5,2026-09-16 09:21:01,,,,False
48a5a3af6ef7a400,e10bff01a89c2b3a11442405593b68483f646186f25e58b641868d0c01affe1d,general_pipeline/results/safe_baseline_tabular_transformer.json,hyperack_4way,hyperack,safe_baseline_tabular_transformer,tabular_transformer,tabular_transformer,tabular_transformer,safe,baseline,completed,True,True,25,,,0.9050734260271831,0.9163531246136393,0.8483348334833484,0.8996579247434435,0.7601156069364162,0.8240208877284595,27.524,27.858,0.5,2026-09-16 09:15:13,,,,False
0f1d9ae750f98efd,3f740207eb3a8f91a01192658d21522205607af0f14a7cb490e4c940844949d8,general_pipeline/results/safe_baseline_xgboost.json,hyperack_4way,hyperack,safe_baseline_xgboost,xgboost,xgboost,xgboost,safe,baseline,completed,True,True,25,,,0.9346675975108055,0.9377855548764988,0.864986498649865,0.8859832635983264,0.8159922928709056,0.8495486459378134,0.39,0.407,0.5,2026-09-16 09:20:43,,,,False
57e3234e21923035,a4a38e5d6e0d9b65a4bcb09ae91cefaf3e1393e7841a9feaa809bc2af34abadb,general_pipeline/results/safe_optimized_catboost.json,hyperack_4way,hyperack,safe_optimized_catboost,catboost,catboost,catboost,safe,optimized,completed,True,True,25,,,0.9420516976514086,0.9431578601443638,0.8726372637263726,0.9227323628219485,0.7938342967244701,0.8534438114966338,2.295,2.305,0.5,2026-09-16 09:21:20,,,,False
b88476307387f647,c04b011d83ead8af3835df24caf557769a462759fbf7a7c0eec023c57ecdc604,general_pipeline/results/safe_optimized_extra_trees.json,hyperack_4way,hyperack,safe_optimized_extra_trees,extra_trees,extra_trees,extra_trees,safe,optimized,completed,True,True,25,,,0.9397457428526792,0.9443208225160482,0.8672367236723673,0.9492140266021766,0.75626204238921,0.8418230563002681,1.6,1.754,0.5,2026-09-16 09:21:13,,,,False
8d6fde25430c3ac4,d85ea5016371a716571c1f2b5b625efa0ef59365251af01aa78452347dcdaf4d,general_pipeline/results/safe_optimized_hist_gradient_boosting.json,hyperack_4way,hyperack,safe_optimized_hist_gradient_boosting,hist_gradient_boosting,hist_gradient_boosting,hist_gradient_boosting,safe,optimized,completed,True,True,25,,,0.937566721345623,0.939774683447176,0.8640864086408641,0.8948497854077253,0.8034682080924855,0.8467005076142132,1.984,2.058,0.5,2026-09-16 09:21:15,,,,False
305d776d248455bb,4d7492ddae16bf896708118c0c09bf097407aa859e99c3f4c861816b094696b8,general_pipeline/results/safe_optimized_lightgbm.json,hyperack_4way,hyperack,safe_optimized_lightgbm,lightgbm,lightgbm,lightgbm,safe,optimized,completed,True,True,25,,,0.9448824727907098,0.9482597056452634,0.8676867686768677,0.9355971896955504,0.7697495183044316,0.8446088794926004,1.018,1.034,0.5,2026-09-16 09:21:16,,,,False
118dc42808809578,e00cc7fe7ac6782a12491aada27713ab08eeccf3c3d4396c1ff757466fa88931,general_pipeline/results/safe_optimized_linear_svc.json,hyperack_4way,hyperack,safe_optimized_linear_svc,linear_svc,linear_svc,linear_svc,safe,optimized,completed,True,True,25,,,0.8823767770660835,0.8657092821031198,0.8514851485148515,0.9526854219948849,0.7177263969171483,0.8186813186813187,0.093,0.1,0.5,2026-09-16 09:21:07,,,,False
b25298aca4df8387,d4ff7cf79f1193f24dd80b36c41fa6a1e2071e637e3df4ff1b3c2ec7b14db93a,general_pipeline/results/safe_optimized_logistic_regression.json,hyperack_4way,hyperack,safe_optimized_logistic_regression,logistic_regression,logistic_regression,logistic_regression,safe,optimized,completed,True,True,25,,,0.8817591977815966,0.8637271326253289,0.8505850585058505,0.9479695431472082,0.7196531791907514,0.8181818181818182,1.354,1.361,0.5,2026-09-16 09:21:07,,,,False
73dd8c13a8875fdf,10999d7249f2bca3b59cdd6aec27d72df3c60f485449ab654c660dbb542daedd,general_pipeline/results/safe_optimized_random_forest.json,hyperack_4way,hyperack,safe_optimized_random_forest,random_forest,random_forest,random_forest,safe,optimized,completed,True,True,25,,,0.9413031167005157,0.9448511122003798,0.8717371737173717,0.9342560553633218,0.7803468208092486,0.8503937007874016,4.062,4.202,0.5,2026-09-16 09:21:11,,,,False
5937f88ee6f52422,dd8e0712401b187a9cc35d790ac9031102300250da0b67c533d05c878ce43a54,general_pipeline/results/safe_optimized_soft_vote_blend.json,hyperack_4way,hyperack,safe_optimized_soft_vote_blend,soft_vote_blend,soft_vote_blend,ensemble,safe,optimized,completed,True,True,25,,,0.9441672525126282,0.9481243704948232,0.8712871287128713,0.9454976303317536,0.7687861271676301,0.8480340063761955,5.079,5.27,0.5,2026-09-16 09:21:42,,,,False
9d2c061876309f18,59a32d48ccb8b6f575aa6db718fee18bc774b700cb2351e1ce519c5ef7082658,general_pipeline/results/safe_optimized_stacking_ensemble.json,hyperack_4way,hyperack,safe_optimized_stacking_ensemble,stacking_ensemble,stacking_ensemble,ensemble,safe,optimized,completed,True,True,25,,,0.9445016729156903,0.9483981356961751,0.8721872187218722,0.922645739910314,0.7928709055876686,0.8528497409326425,16.656,16.95,0.5,2026-09-16 09:21:37,,,,False
816f53cea45d74f8,5a6c8cc28548a6598ff7a692aedf7dadd4443505386480e7b07dbf908280f666,general_pipeline/results/safe_optimized_tabular_transformer.json,hyperack_4way,hyperack,safe_optimized_tabular_transformer,tabular_transformer,tabular_transformer,tabular_transformer,safe,optimized,completed,True,True,25,,,0.9185568335676717,0.9261484918185615,0.8514851485148515,0.8898678414096917,0.7784200385356455,0.8304213771839671,89.613,90.321,0.5,2026-09-16 09:16:43,,,,False
7778df95c530a441,09e58428458509f9414e00d2cbe22b77b2196fb54142be9122c00d533920bb0c,general_pipeline/results/safe_optimized_xgboost.json,hyperack_4way,hyperack,safe_optimized_xgboost,xgboost,xgboost,xgboost,safe,optimized,completed,True,True,25,,,0.9402892777170234,0.9429407476251627,0.8667866786678667,0.9067982456140351,0.7967244701348748,0.8482051282051282,1.05,1.072,0.5,2026-09-16 09:21:17,,,,False
84c77803f27d5eed,29172407fe128f019ae781ff7b93bf0fdbe9e796e467e9b08691cfb583639d99,general_pipeline/results/unsafe_baseline_catboost.json,hyperack_4way,hyperack,unsafe_baseline_catboost,catboost,catboost,catboost,unsafe,baseline,completed,False,True,34,,,0.9784473780138521,0.9780690052786445,0.9396939693969397,0.950199203187251,0.9190751445086706,0.9343780607247796,1.977,2.011,0.5,2026-09-16 09:21:49,,,,False
f72fa0c9b9c5474b,dd8051af1958edd42d0c136afbeeb0ceec12368d26ef88bd8a099f60a7e7948c,general_pipeline/results/unsafe_baseline_extra_trees.json,hyperack_4way,hyperack,unsafe_baseline_extra_trees,extra_trees,extra_trees,extra_trees,unsafe,baseline,completed,False,True,34,,,0.9730510857678487,0.9730989314856744,0.9311431143114312,0.9394240317775571,0.9113680154142582,0.9251833740831296,0.762,0.839,0.5,2026-09-16 09:21:45,,,,False
42883482616b5228,59dfa7498d7f753107816b0fc37cd315b587755dbd9916bdff37078e92c01b9c,general_pipeline/results/unsafe_baseline_hist_gradient_boosting.json,hyperack_4way,hyperack,unsafe_baseline_hist_gradient_boosting,hist_gradient_boosting,hist_gradient_boosting,hist_gradient_boosting,unsafe,baseline,completed,False,True,34,,,0.9801821330000522,0.9799031274494915,0.9315931593159316,0.9438877755511023,0.9075144508670521,0.925343811394892,0.583,0.611,0.5,2026-09-16 09:21:46,,,,False
32e79479760831c1,594efb69c3eb1a212ca6a3769c521a25af848904f790731b3b02d6a9c3c224b4,general_pipeline/results/unsafe_baseline_lightgbm.json,hyperack_4way,hyperack,unsafe_baseline_lightgbm,lightgbm,lightgbm,lightgbm,unsafe,baseline,completed,False,True,34,,,0.9793464888298703,0.97731948157506,0.9324932493249325,0.9448897795591182,0.9084778420038536,0.9263261296660118,0.79,0.808,0.5,2026-09-16 09:21:47,,,,False
71a2cfffc6c80d91,03e24a2a9cb1f632af7915d8a25409038a2cb604c405a995850ebe396592cbb4,general_pipeline/results/unsafe_baseline_linear_svc.json,hyperack_4way,hyperack,unsafe_baseline_linear_svc,linear_svc,linear_svc,linear_svc,unsafe,baseline,completed,False,True,34,,,0.92739252981305,0.9260836764511141,0.8825382538253825,0.9001029866117405,0.8420038535645472,0.8700846192135391,0.225,0.232,0.5,2026-09-16 09:21:42,,,,False
864f27dbb68af116,3aaaac6190729099cc166b350ef05d3717a7a34073cb76f8f651f211dc76187d,general_pipeline/results/unsafe_baseline_logistic_regression.json,hyperack_4way,hyperack,unsafe_baseline_logistic_regression,logistic_regression,logistic_regression,logistic_regression,unsafe,baseline,completed,False,True,34,,,0.9279401330521274,0.930506743671354,0.8789378937893789,0.8992731048805815,0.8342967244701349,0.8655672163918041,0.099,0.111,0.5,2026-09-16 09:21:42,,,,False
bc7e21aafeee11ce,654ab6c9abd11de7d0639b04f2449e59400d93184d201881273efdb50eff55bb,general_pipeline/results/unsafe_baseline_random_forest.json,hyperack_4way,hyperack,unsafe_baseline_random_forest,random_forest,random_forest,random_forest,unsafe,baseline,completed,False,True,34,,,0.9750803910847263,0.9732115761420589,0.9333933393339334,0.945,0.9104046242774566,0.9273797841020608,1.539,1.601,0.5,2026-09-16 09:21:44,,,,False
c16bc2833a9d342c,b37c44eaecd9bf880229cc28a3d1a147bc82d67d25a2a8c1c2366a75f944f259,general_pipeline/results/unsafe_baseline_soft_vote_blend.json,hyperack_4way,hyperack,unsafe_baseline_soft_vote_blend,soft_vote_blend,soft_vote_blend,ensemble,unsafe,baseline,completed,False,True,34,,,0.977458762953705,0.9763541979485654,0.9356435643564357,0.9479479479479479,0.9123314065510597,0.9297987236131566,4.949,5.07,0.5,2026-09-16 09:22:14,,,,False
418180da5922f233,33e5047c522246b4e8a759bdae55a9210f812d380824208ee6a88e3e346a5ca4,general_pipeline/results/unsafe_baseline_stacking_ensemble.json,hyperack_4way,hyperack,unsafe_baseline_stacking_ensemble,stacking_ensemble,stacking_ensemble,ensemble,unsafe,baseline,completed,False,True,34,,,0.9780885473623911,0.9768168361659312,0.9365436543654365,0.9436201780415431,0.9190751445086706,0.931185944363104,19.635,19.795,0.5,2026-09-16 09:22:09,,,,False
c0e0787a671ba1dc,ad2c3ab1f13229be63e9a8c6f121cc62c857d2175d9166166ced07953d20fd13,general_pipeline/results/unsafe_baseline_tabular_transformer.json,hyperack_4way,hyperack,unsafe_baseline_tabular_transformer,tabular_transformer,tabular_transformer,tabular_transformer,unsafe,baseline,completed,False,True,34,,,0.9593768714523773,0.9622358399878285,0.9068406840684068,0.918429003021148,0.8786127167630058,0.8980797636632201,28.344,28.807,0.5,2026-09-16 09:17:12,,,,False
837edebe250c6829,a32c7b0febeffb3cf0bc5ed7f41dbc179920d6ef0ced9dbd8a7aedf9c1f895e5,general_pipeline/results/unsafe_baseline_xgboost.json,hyperack_4way,hyperack,unsafe_baseline_xgboost,xgboost,xgboost,xgboost,unsafe,baseline,completed,False,True,34,,,0.97532530724366,0.9752560445236991,0.9293429342934293,0.9383084577114428,0.9084778420038536,0.9231522271169849,0.361,0.375,0.5,2026-09-16 09:21:47,,,,False
2d4a8f52b0361c03,fd73de338f797d74d62029ed9ace64bafdca7f6b48ffc80bc9346c45b91c02f9,general_pipeline/results/unsafe_optimized_catboost.json,hyperack_4way,hyperack,unsafe_optimized_catboost,catboost,catboost,catboost,unsafe,optimized,completed,False,True,34,,,0.978434359214706,0.9778006276893535,0.9401440144014401,0.9529529529529529,0.9171483622350675,0.9347079037800687,3.683,3.698,0.5,2026-09-16 09:22:32,,,,False
a30bd06ca311a26a,89613b09f930f8afa01f1dad9defca22486d2a3c4fcb7bfb1ec3d240ab46862a,general_pipeline/results/unsafe_optimized_extra_trees.json,hyperack_4way,hyperack,unsafe_optimized_extra_trees,extra_trees,extra_trees,extra_trees,unsafe,optimized,completed,False,True,34,,,0.9694896305264803,0.9695932858780629,0.923042304230423,0.9322033898305084,0.9007707129094412,0.916217540421362,1.215,1.378,0.5,2026-09-16 09:22:21,,,,False
e79bfcb7a6e72823,efe295eaafbc75ffac0d0ede39c9eb5a8e89c7e9647790cd6e65d88c38c2c76c,general_pipeline/results/unsafe_optimized_hist_gradient_boosting.json,hyperack_4way,hyperack,unsafe_optimized_hist_gradient_boosting,hist_gradient_boosting,hist_gradient_boosting,hist_gradient_boosting,unsafe,optimized,completed,False,True,34,,,0.9773293886371922,0.977210512247588,0.9329432943294329,0.944944944944945,0.9094412331406551,0.9268532155130094,2.869,2.961,0.5,2026-09-16 09:22:24,,,,False
73b0bf45f35c94b6,bbb5c6ac8b567e2060852df181284ce11c13f34bb68e0121a7c1be2d6177202f,general_pipeline/results/unsafe_optimized_lightgbm.json,hyperack_4way,hyperack,unsafe_optimized_lightgbm,lightgbm,lightgbm,lightgbm,unsafe,optimized,completed,False,True,34,,,0.9788802530854555,0.9775575957159977,0.9329432943294329,0.944944944944945,0.9094412331406551,0.9268532155130094,2.142,2.167,0.5,2026-09-16 09:22:27,,,,False
ffc8ee07a9095c26,acb966bd425d852230db5fd03e9ed7637640c7644d22c89a39e63a085b1b6bbe,general_pipeline/results/unsafe_optimized_linear_svc.json,hyperack_4way,hyperack,unsafe_optimized_linear_svc,linear_svc,linear_svc,linear_svc,unsafe,optimized,completed,False,True,34,,,0.9274861024319118,0.9262404901452106,0.8838883888388839,0.9012345679012346,0.8439306358381503,0.8716417910447761,0.179,0.186,0.5,2026-09-16 09:22:16,,,,False
a048a6ac53313f3b,b21e0db510c3ad10134ae21f8e07164d425c56d3d05913054db942026d4f8283,general_pipeline/results/unsafe_optimized_logistic_regression.json,hyperack_4way,hyperack,unsafe_optimized_logistic_regression,logistic_regression,logistic_regression,logistic_regression,unsafe,optimized,completed,False,True,34,,,0.9280296372962559,0.9305575508915536,0.8802880288028803,0.9012474012474012,0.8352601156069365,0.867,1.124,1.133,0.5,2026-09-16 09:22:16,,,,False
b042cd279d833532,8e8a101357dedcc1b3f4a79d1b06c7205a9791da296fca99b89fa9232a423bf9,general_pipeline/results/unsafe_optimized_random_forest.json,hyperack_4way,hyperack,unsafe_optimized_random_forest,random_forest,random_forest,random_forest,unsafe,optimized,completed,False,True,34,,,0.9752626542727698,0.9742233597320282,0.9333933393339334,0.9441117764471058,0.9113680154142582,0.9274509803921569,3.886,3.991,0.5,2026-09-16 09:22:20,,,,False
1bf058b2807f9274,c35b11a0be6aeefa5b5bcd80b9eec02cc7a3950f0777c5a352128b8d00f1f7c0,general_pipeline/results/unsafe_optimized_soft_vote_blend.json,hyperack_4way,hyperack,unsafe_optimized_soft_vote_blend,soft_vote_blend,soft_vote_blend,ensemble,unsafe,optimized,completed,False,True,34,,,0.977458762953705,0.9763541979485654,0.9356435643564357,0.9479479479479479,0.9123314065510597,0.9297987236131566,7.851,8.011,0.5,2026-09-16 09:23:06,,,,False
900db7d39ea4a01a,243dae5e163226eb462a7addca1b64b64db2761ce9a954641c075dca1e5e6a8a,general_pipeline/results/unsafe_optimized_stacking_ensemble.json,hyperack_4way,hyperack,unsafe_optimized_stacking_ensemble,stacking_ensemble,stacking_ensemble,ensemble,unsafe,optimized,completed,False,True,34,,,0.9780885473623911,0.9768168361659312,0.9365436543654365,0.9436201780415431,0.9190751445086706,0.931185944363104,24.86,25.187,0.5,2026-09-16 09:22:57,,,,False
5568ef1326e5f796,c74434dd82563735bb6b00e2f80bdcb3fd43f4d38b7bdbf05779a89d071cb568,general_pipeline/results/unsafe_optimized_tabular_transformer.json,hyperack_4way,hyperack,unsafe_optimized_tabular_transformer,tabular_transformer,tabular_transformer,tabular_transformer,unsafe,optimized,completed,False,True,34,,,0.9646564013435402,0.9647043136035981,0.914041404140414,0.9131707317073171,0.9017341040462428,0.9074163839069317,182.758,184.337,0.5,2026-09-16 09:20:16,,,,False
55459d20514ff1d9,647baf0fab9823874286eae8f64d8e24ce99d867e54498c6e195855a0b4d6660,general_pipeline/results/unsafe_optimized_xgboost.json,hyperack_4way,hyperack,unsafe_optimized_xgboost,xgboost,xgboost,xgboost,unsafe,optimized,completed,False,True,34,,,0.9785987215539239,0.9779120621311321,0.9351935193519352,0.9478957915831663,0.9113680154142582,0.9292730844793713,1.673,1.729,0.5,2026-09-16 09:22:28,,,,False
c4785e55b2908d31,d1d245e78073ae22e42792fe667d7d54669fc9cc8c64ba08d3fe7652df6058a8,hyperack_exp/results/14_leakage_safe_features.json,hyperack_initial,hyperack,14,leakage_safe_features,LGBMClassifier,lightgbm,safe,unspecified,completed,True,True,25,,,0.9386554184242045,0.9417720835326946,0.8658865886588659,,0.802504816955684,0.8482688391038696,4.219,,0.5,,LightGBM with full safe FE but without final customer/biker fares,Use this result for realistic pre-decision performance.,,False
8e3754db2c533659,48913b232b7048f024caf4a8256303bf1d79afc8d224a093c7979b72f84a430a,hyperack_exp/results/01_baseline_current.json,hyperack_initial,hyperack,01,baseline_current,xgboost,xgboost,unsafe,unspecified,completed,False,True,13,,,0.9730429490183826,0.9721531648134785,0.918991899189919,,0.8930635838150289,0.911504424778761,0.687,,0.5,,Current feature set + train-only KMeans(3); select best LR/XGB/SVM,The model comparison is performed on the common held-out split.,,False
5786d316e713e917,8294244965bbc6c17c228a26c950ef0270cc34142fb661245cc3e0e96a253ed0,hyperack_exp/results/02_lightgbm_strong_baseline.json,hyperack_initial,hyperack,02,lightgbm_strong_baseline,LGBMClassifier,lightgbm,unsafe,unspecified,completed,False,True,12,,,0.9720380604593032,0.9722710409699898,0.9135913591359136,,0.8805394990366089,0.904950495049505,3.04,,0.5,,LightGBM on raw baseline features,Strong tree baseline before feature engineering.,,False
4b9e56b7639d02f9,4ddaa011301dfe10104b4974cfddaa882429520f87efe78c97d4230ac1763bf6,hyperack_exp/results/03_fare_pricing_features.json,hyperack_initial,hyperack,03,fare_pricing_features,LGBMClassifier,lightgbm,unsafe,unspecified,completed,False,True,21,,,0.9766971632036661,0.9758976021741563,0.9257425742574258,,0.8998073217726397,0.9188391539596655,2.866,,0.5,,"LightGBM with fare, fare-delta, and fare-per-km features",Pricing features may be highly predictive but can be post-decision leakage.,,False
0ab67536093a6d36,3289245a87616445274e698c88829a569fde278120cf9f0651cd3e22e056a3c2,hyperack_exp/results/04_time_cyclical_features.json,hyperack_initial,hyperack,04,time_cyclical_features,LGBMClassifier,lightgbm,unsafe,unspecified,completed,False,True,20,,,0.974036446128209,0.9728322765328882,0.9275427542754275,,0.8978805394990366,0.9204938271604939,3.194,,0.5,,"LightGBM with hour, rush-hour, weekend, and cyclical time features",Time features are available early and are generally deployment-safe.,,False
e2e104f52a26b97d,8929b35a8fabbb8a81eb07d35ac69ad7d8766140f60f76eb94c23065cbba2e02,hyperack_exp/results/05_geo_distance_bearing.json,hyperack_initial,hyperack,05,geo_distance_bearing,LGBMClassifier,lightgbm,unsafe,unspecified,completed,False,True,17,,,0.968180427537364,0.9682436321030078,0.9126912691269127,,0.8795761078998073,0.903960396039604,2.623,,0.5,,LightGBM with Haversine route distance and direction features,Geographic transforms retain route structure more faithfully than raw deltas alone.,,False
04030a7a64fe74e1,09f1d5f9e3006d5b78a48f7e64cd2c74ca377550bcda3aee31aa66a6142c7ac3,hyperack_exp/results/06_interactions_bins.json,hyperack_initial,hyperack,06,interactions_bins,LGBMClassifier,lightgbm,unsafe,unspecified,completed,False,True,38,,,0.9777826055824612,0.977185223011366,0.9342934293429342,,0.9084778420038536,0.9281496062992126,4.385,,0.5,,LightGBM with engineered interactions and train-fitted quantile bins,Bins are fitted on training rows only.,,False
8302b972ca8880a6,23b0c16c310935d29624191ed6d39adebf2f48e806b32ae960b540b4fd2079e4,hyperack_exp/results/07_feature_selection.json,hyperack_initial,hyperack,07,feature_selection,SelectKBest + LGBMClassifier,lightgbm,unsafe,unspecified,completed,False,True,34,,,0.9688631008175805,0.9668687606043606,0.9144914491449145,,0.8786127167630058,0.9056603773584906,3.69,,0.5,,Mutual-information selection followed by LightGBM,Selection is fit exclusively on training data inside the pipeline.,,False
27d76976db132b47,edbc0dd2b87cbb1499b7f19801a0123fbf451a7e1194e91d13a0773df2c89d2a,hyperack_exp/results/08_xgboost_tuned.json,hyperack_initial,hyperack,08,xgboost_tuned,RandomizedSearchCV(XGBClassifier),xgboost,unsafe,unspecified,completed,False,True,34,,,0.9788086496901525,0.9777144177940837,0.9338433843384338,,0.9104046242774566,0.9278350515463918,19.771,,0.5,,20-trial randomized-search XGBoost on full engineered features,"Best params: {'model__colsample_bytree': np.float64(0.7300793579220679), 'model__learning_rate': np.float64(0.025392287826887055), 'model__max_depth': 5, 'model__min_child_weight': 3, 'model__n_estimators': 385, 'model__reg_lambda': np.float64(7.143742712122061), 'model__subsample': np.float64(0.8685239168468276)}",,False
2d4687d8b28d779d,d109f733df0cb3ef81a397008dede912f86fb8a2fbba8554e154b1d127caeb0a,hyperack_exp/results/09_lightgbm_tuned.json,hyperack_initial,hyperack,09,lightgbm_tuned,RandomizedSearchCV(LGBMClassifier),lightgbm,unsafe,unspecified,completed,False,True,34,,,0.9792561709107952,0.9773223078697622,0.9342934293429342,,0.9113680154142582,0.9283611383709519,194.903,,0.5,,20-trial randomized-search LightGBM on full engineered features,"Best params: {'model__colsample_bytree': np.float64(0.8076747381893401), 'model__learning_rate': np.float64(0.016591795339183982), 'model__max_depth': 11, 'model__min_child_samples': 69, 'model__n_estimators': 313, 'model__num_leaves': 20, 'model__reg_lambda': np.float64(0.22773001776171356), 'model__subsample': np.float64(0.7308128389677522)}",,False
0650a3de17dad26e,5fae4b92e17e92ff40bfd7c54ab705971aed438e8c5e95192b812aac65c25752,hyperack_exp/results/10_histgb_sklearn.json,hyperack_initial,hyperack,10,histgb_sklearn,HistGradientBoostingClassifier,hist_gradient_boosting,unsafe,unspecified,completed,False,True,34,,,0.9775555902723533,0.9771695028171251,0.9374437443744374,,0.9123314065510597,0.9316281357599606,4.083,,0.5,,sklearn HistGradientBoosting on full engineered features,A dependency-light boosted-tree competitor.,,False
3de553e43160fafc,a63eb5817d4d6fe4b48fd17622f87bc67c8585ec9ce0617477071a8ffa69385f,hyperack_exp/results/11_tabpfn.json,hyperack_initial,hyperack,11,tabpfn,TabPFNClassifier,tabpfn,unsafe,unspecified,skipped,False,True,34,,,,,,,,,,,0.5,,"TabPFN on a deterministic 1,024-row stratified context",Skipped: TabPFN license/token required (set TABPFN_TOKEN).,,False
558d21cece01608e,fcf0b41fd3dfad4fa3702d27b91aecfd12702e23da72636a6c44abff09eebb9f,hyperack_exp/results/12_threshold_calibration.json,hyperack_initial,hyperack,12,threshold_calibration,CalibratedClassifierCV(LGBMClassifier),lightgbm,unsafe,unspecified,completed,False,True,34,,,0.9779502226214654,0.9776138932567321,0.9288928892889289,,0.8815028901734104,0.920523138832998,13.266,,0.6200000000000001,,Isotonic-calibrated LightGBM with threshold selected on an inner validation split,Primary ranking remains ROC-AUC; threshold targets F1.,,False
0c66529fb41a66c3,0067a2cae422ed5343c98d75f7bcae46a45cef28ad05e3696b22afb238a76a55,hyperack_exp/results/13_stacking_ensemble.json,hyperack_initial,hyperack,13,stacking_ensemble,StackingClassifier,ensemble,unsafe,unspecified,completed,False,True,34,,,0.9737256222985992,0.9715154061672682,0.9356435643564357,,0.9142581888246628,0.9299363057324841,19.909,,0.5,,"Out-of-fold stacking of logistic regression, LightGBM, and XGBoost",Meta-learner receives only cross-validated base probabilities.,,False
f28fd5b914b4d3d1,102b82ba5474305e72a7daeccbc3de2d4ceec7e3706be9223ec464896cb1898c,hyperack_exp/results/15_full_fe_best_blend.json,hyperack_initial,hyperack,15,full_fe_best_blend,"ProbabilityBlend(LGBMClassifier, XGBClassifier)",ensemble,unsafe,unspecified,completed,False,True,34,,,0.9780983114617507,0.9774571604428918,0.9347434743474348,,0.9113680154142582,0.9288168875797742,9.017,,0.5,,0.60 LightGBM + 0.40 XGBoost blend on pricing/time/geographic features,Fixed blend is a robust final candidate; compare against stack and standalone tuned models.,,False
73ec780d0a9eb4d0,2431104a2452d208e8fe2bad8e99e1aff1f05d11825541fcd1553b3386b6dc6c,optimized_safe_model/results/01_baseline_safe_balanced.json,hyperack_optimized_safe,hyperack,01,baseline_safe_balanced,lightgbm,lightgbm,safe,optimized,completed,True,True,10,,,0.9380793365619955,0.9420953597570202,0.8627362736273627,0.8853838065194533,0.8111753371868978,0.8466566113624937,2.11,,0.5,,[OPT-SAFE] Safe raw features + class-balanced LR/XGB/LGBM; keep best,Optimized baseline without final fares. | Optimized safe: no final fares.,,False
768a0251c73f7f5e,f8bc4bba74c980778f2fc3de0e893a6d368c31e2f450671c4fbab319c571f127,optimized_safe_model/results/02_lgbm_optimized_defaults.json,hyperack_optimized_safe,hyperack,02,lgbm_optimized_defaults,LGBMClassifier,lightgbm,safe,optimized,completed,True,True,46,,,0.9372144000937355,0.9414245190458139,0.8564356435643564,0.8836712913553896,0.7976878612716763,0.8384810126582278,6.429,,0.5,,[OPT-SAFE] Optimized safe FE + LightGBM with scale_pos_weight,Strong defaults on full optimized safe matrix. | Optimized safe: no final fares.,,False
20c03175129eb3b2,a24d083432d87353a52c17e87ec6e48c06dffe3e274be55545f0f10b8a24dea0,optimized_safe_model/results/03_safe_pricing_emphasis.json,hyperack_optimized_safe,hyperack,03,safe_pricing_emphasis,LGBMClassifier,lightgbm,safe,optimized,completed,True,True,46,,,0.9359906329740145,0.9397577741265528,0.860936093609361,0.8923573735199138,0.7986512524084779,0.8429079816980173,10.662,,0.5,,[OPT-SAFE] Optimized safe FE emphasizing first-fare ratios/interactions,No final-fare pricing; uses first-fare intensity features. | Optimized safe: no final fares.,,False
e1f22250246cfe97,26259e5871a870201aa3d3cf60d34b376e1355a606c96b9ebbc0f77a5502f4d5,optimized_safe_model/results/04_safe_time_emphasis.json,hyperack_optimized_safe,hyperack,04,safe_time_emphasis,LGBMClassifier,lightgbm,safe,optimized,completed,True,True,46,,,0.9362217166588556,0.940275900396328,0.8568856885688569,0.8837953091684435,0.7986512524084779,0.8390688259109311,10.171,,0.5,,[OPT-SAFE] Optimized safe FE with enriched time flags/interactions,Morning/night/rush + cyclical time interactions. | Optimized safe: no final fares.,,False
a7b8d2f1dcd4df8a,99483cc5bd7178b5408041d869fdf4b391d8aeec298f3a4bfec0efbc3b5ea0bc,optimized_safe_model/results/05_safe_geo_emphasis.json,hyperack_optimized_safe,hyperack,05,safe_geo_emphasis,XGBClassifier,xgboost,safe,optimized,completed,True,True,46,,,0.9360345714211321,0.9393942389183005,0.8636363636363636,0.8947368421052632,0.802504816955684,0.8461147790756729,2.378,,0.5,,[OPT-SAFE] Optimized safe FE with geo clusters + route geometry,Train-only geo clusters and route ratios. | Optimized safe: no final fares.,,False
c625345714f73893,e3a2af70e9fbdc6b6a32ce3c0fb4fe5656241862d3bfc564274dbb999b75a292,optimized_safe_model/results/06_full_optimized_safe_fe.json,hyperack_optimized_safe,hyperack,06,full_optimized_safe_fe,LGBMClassifier,lightgbm,safe,optimized,completed,True,True,46,,,0.9371012992761547,0.9419865373929464,0.8564356435643564,0.8812301166489925,0.8005780346820809,0.8389702170620899,11.411,,0.5,,[OPT-SAFE] Full optimized safe FE + strong LightGBM,All safe FE families + bins + clusters. | Optimized safe: no final fares.,,False
02c00c9e71a60aea,d7ced6b43c3f80fa971fce07a4321631caa89098b9c8d3097542287c225508b6,optimized_safe_model/results/07_safe_feature_selection.json,hyperack_optimized_safe,hyperack,07,safe_feature_selection,SelectKBest + LGBMClassifier,lightgbm,safe,optimized,completed,True,True,46,,,0.9332843501015465,0.9379914412661748,0.86003600360036,0.887940234791889,0.8015414258188824,0.8425316455696202,8.389,,0.5,,[OPT-SAFE] Mutual-info top-28 on optimized safe FE + LightGBM,Selection fit on train only. | Optimized safe: no final fares.,,False
74e1678444a38f0b,ad020cfd39d173a9ae5ca708138af6d9752e81c296a0e83db847fe4ba3469255,optimized_safe_model/results/08_xgboost_tuned_safe.json,hyperack_optimized_safe,hyperack,08,xgboost_tuned_safe,RandomizedSearchCV(XGBClassifier),xgboost,safe,optimized,completed,True,True,46,,,0.9410142620944645,0.942634109313438,0.8708370837083709,0.9433293978748524,0.7697495183044316,0.8477453580901857,80.902,,0.5,,[OPT-SAFE] 35-trial randomized-search XGBoost on optimized safe FE,"Best params: {'model__colsample_bytree': np.float64(0.7045474901621303), 'model__learning_rate': np.float64(0.026506405886809047), 'model__max_depth': 6, 'model__min_child_weight': 10, 'model__n_estimators': 421, 'model__reg_lambda': np.float64(0.24239783131830445), 'model__scale_pos_weight': np.float64(0.8415123650745484), 'model__subsample': np.float64(0.8074323980775168)} | Optimized safe: no final fares.",,False
eca35bd00f69159b,9b67cf9b6d0112bb318d04beb1ff50af3e735743ac6c00a3ecfc1e6a2005c2f3,optimized_safe_model/results/09_lightgbm_tuned_safe.json,hyperack_optimized_safe,hyperack,09,lightgbm_tuned_safe,RandomizedSearchCV(LGBMClassifier),lightgbm,safe,optimized,completed,True,True,46,,,0.9409076706764569,0.943981117538216,0.8654365436543654,0.9128491620111732,0.7870905587668593,0.8453181583031557,519.381,,0.5,,[OPT-SAFE] 40-trial randomized-search LightGBM on optimized safe FE,"Best params: {'model__colsample_bytree': np.float64(0.8452665418846559), 'model__learning_rate': np.float64(0.01451292632216802), 'model__max_depth': 10, 'model__min_child_samples': 39, 'model__n_estimators': 1205, 'model__num_leaves': 17, 'model__reg_lambda': np.float64(1.2909498032426037), 'model__scale_pos_weight': np.float64(1.1301281177361808), 'model__subsample': np.float64(0.7412726728878614)} | Optimized safe: no final fares.",,False
f5f3d8db9fd8e0f1,d55dd9f7c4e6bfefe1d5ee01b799cf39820e352dba9ce5c2855d5e9c00fab8ba,optimized_safe_model/results/10_histgb_balanced_safe.json,hyperack_optimized_safe,hyperack,10,histgb_balanced_safe,HistGradientBoostingClassifier,hist_gradient_boosting,safe,optimized,completed,True,True,46,,,0.9366122806332343,0.94119936853761,0.8618361836183618,0.8859556494192186,0.8082851637764933,0.8453400503778338,13.341,,0.5,,[OPT-SAFE] Balanced HistGradientBoosting on optimized safe FE,class_weight=balanced to recover recall. | Optimized safe: no final fares.,,False
4de0f370e06a589c,daf27a71fc4d527c549a81eef5e6fb5169216e1b7f8d9f5004fd1a80e1333274,optimized_safe_model/results/11_tabpfn.json,hyperack_optimized_safe,hyperack,11,tabpfn,TabPFNClassifier,tabpfn,safe,optimized,skipped,True,True,46,,,,,,,,,,,,,[OPT-SAFE] TabPFN skipped (license),Skipped; no interactive TabPFN license in this environment.,,False
061455b9c6eb29d4,e7fcb201982e1baae86750e668dac550873f98d0572b2fe95570757735c5ab64,optimized_safe_model/results/12_calibrated_recall_f1_safe.json,hyperack_optimized_safe,hyperack,12,calibrated_recall_f1_safe,CalibratedClassifierCV(LGBMClassifier),lightgbm,safe,optimized,completed,True,True,46,,,0.937507729911993,0.941419738709299,0.7956795679567957,0.7143906020558003,0.9373795761078998,0.8108333333333333,26.479,,0.25,,[OPT-SAFE] Isotonic-calibrated LightGBM; threshold maximizes 0.5*F1+0.5*recall,Inner-validation threshold=0.250 | Optimized safe: no final fares.,,False
7f699040f3e47b99,ef1ee63b6c2d61ddf072f1fbb48adb8edad10d30d8c726632b1670a27e9dde97,optimized_safe_model/results/13_stacking_4model_safe.json,hyperack_optimized_safe,hyperack,13,stacking_4model_safe,StackingClassifier,ensemble,safe,optimized,completed,True,True,46,,,0.936377942248607,0.9403489758262665,0.8636363636363636,0.8848167539267016,0.8140655105973025,0.8479678876066232,32.042,,0.5,,[OPT-SAFE] Stacking LR+LGBM+XGB+HGB on optimized safe FE,Balanced meta-learner for recall recovery. | Optimized safe: no final fares.,,False
ebaeab4183a076a1,460f7494901a96d32a1f268c70acc5735015beb987268aec287d1e6f44624806,optimized_safe_model/results/14_safe_champion_lgbm.json,hyperack_optimized_safe,hyperack,14,safe_champion_lgbm,LGBMClassifier,lightgbm,safe,optimized,completed,True,True,46,,,0.9365699695360099,0.9415314457326969,0.8577857785778578,0.8832271762208068,0.8015414258188824,0.8404040404040404,14.173,,0.5,,[OPT-SAFE] Leakage-safe champion LightGBM on full optimized safe FE,Production-oriented safe candidate. | Optimized safe: no final fares.,,False
678741780c54c352,0db432b0de0a68f37dd472fa6dee0932fc972a89ff915847b56b48a32a00d42b,optimized_safe_model/results/15_softvote_lgbm_xgb_hgb_safe.json,hyperack_optimized_safe,hyperack,15,softvote_lgbm_xgb_hgb_safe,SoftVote3,ensemble,safe,optimized,completed,True,True,46,,,0.9368205814195698,0.9407353068087239,0.8613861386138614,0.8899572649572649,0.802504816955684,0.8439716312056738,21.846,,0.5,,[OPT-SAFE] Soft-vote 0.45 LGBM + 0.35 XGB + 0.20 HGB on optimized safe FE,Three-model safe blend for stability. | Optimized safe: no final fares.,,False
9544c0886f68a58a,1a00f27985c1f44f19a66521561267d856e8a11ce1d041f6d99c73ca04bda95a,optimized_safe_model/results/16_lgbm_deep_tune_safe.json,hyperack_optimized_safe,hyperack,16,lgbm_deep_tune_safe,RandomizedSearchCV(LGBMClassifier),lightgbm,safe,optimized,completed,True,True,25,,,0.9429882375149716,0.9460177067280032,0.869036903690369,0.9191919191919192,0.7890173410404624,0.8491446345256609,873.509,,0.5,,[OPT-SAFE] 50-trial 5-fold LGBM on proven safe FE (no class weight),"Best: {'model__colsample_bytree': np.float64(0.7063547816860237), 'model__learning_rate': np.float64(0.017552399889531313), 'model__max_depth': 9, 'model__min_child_samples': 56, 'model__n_estimators': 1063, 'model__num_leaves': 18, 'model__reg_alpha': np.float64(1.815132947852186), 'model__reg_lambda': np.float64(1.346461145744375), 'model__subsample': np.float64(0.8025957307589073)} | Leakage-safe recovery pass.",,False
cc39f7ef450d7a19,21f767b16e0c4e34ddaece0efa9eb8384cce1b574746b5479a8a7bd809faf8c8,optimized_safe_model/results/17_xgb_deep_tune_safe.json,hyperack_optimized_safe,hyperack,17,xgb_deep_tune_safe,RandomizedSearchCV(XGBClassifier),xgboost,safe,optimized,completed,True,True,25,,,0.9414174380305161,0.9447463354511105,0.869036903690369,0.9191919191919192,0.7890173410404624,0.8491446345256609,68.824,,0.5,,[OPT-SAFE] 45-trial 5-fold XGBoost on proven safe FE,"Best: {'model__colsample_bytree': np.float64(0.725367885716508), 'model__gamma': np.float64(1.3270035382161116), 'model__learning_rate': np.float64(0.010404926707697494), 'model__max_depth': 8, 'model__min_child_weight': 2, 'model__n_estimators': 1321, 'model__reg_lambda': np.float64(2.890544857917484), 'model__subsample': np.float64(0.9486143656527051)} | Leakage-safe recovery pass.",,False
74672da55daf7501,735d06a11afd077abfce3ae0bb5c27238762f43f01d4a44df3dcf6af731e4a9b,optimized_safe_model/results/18_lgbm_seed_bag_safe.json,hyperack_optimized_safe,hyperack,18,lgbm_seed_bag_safe,SeedBagLGBM,ensemble,safe,optimized,completed,True,True,25,,,0.9432746510961829,0.9461785398550464,0.8703870387038704,0.9204035874439462,0.7909441233140655,0.8507772020725388,18.533,,0.5,,[OPT-SAFE] 5-seed bag of best safe LGBM params,Average probabilities across seeds. | Leakage-safe recovery pass.,,False
37dd6af668704ed5,b83711aac0b4da8cd80f9b6f0c575f82bf446e44e239840817e3820ec91baf4b,optimized_safe_model/results/19_softvote_deep_tuned_safe.json,hyperack_optimized_safe,hyperack,19,softvote_deep_tuned_safe,SoftVoteBest,ensemble,safe,optimized,completed,True,True,25,,,0.9425919778159663,0.9455861242022063,0.8681368136813682,0.914349276974416,0.791907514450867,0.8487351574599896,11.535,,0.5,,[OPT-SAFE] Soft-vote best LGBM + best XGB + HGB on proven safe FE,Weights 0.50/0.35/0.15 | Leakage-safe recovery pass.,,False
c83b260e57c47eb0,00c75dac942c2b9ca17e302717bee095607fc4477b8273521e06f4591339efb8,optimized_safe_model/results/20_lgbm_best_params_more_trees_safe.json,hyperack_optimized_safe,hyperack,20,lgbm_best_params_more_trees_safe,LGBMClassifier,lightgbm,safe,optimized,completed,True,True,25,,,0.9424593487996668,0.9449475752317359,0.8636363636363636,0.9087875417130145,0.7870905587668593,0.8435725348477027,4.301,,0.5,,[OPT-SAFE] Best safe LGBM params with more trees / lower LR,"Params: {'colsample_bytree': np.float64(0.7063547816860237), 'learning_rate': 0.013164299917148485, 'max_depth': 9, 'min_child_samples': 56, 'n_estimators': 1488, 'num_leaves': 18, 'reg_alpha': np.float64(1.815132947852186), 'reg_lambda': np.float64(1.346461145744375), 'subsample': np.float64(0.8025957307589073)} | Leakage-safe recovery pass.",,False
32ae9ed279e7d3bd,566e4f3d947dfde56438927e1b0ae0b59bc5cd7957334ab92e891ee110a39a33,optimized_safe_model/results/21_lgbm_prior_winner_replay.json,hyperack_optimized_safe,hyperack,21,lgbm_prior_winner_replay,LGBMClassifier,lightgbm,safe,optimized,completed,True,True,25,,,0.9450037103577568,0.9487270589112673,0.869036903690369,0.9378663540445487,0.7707129094412332,0.8461131676361714,1.214,,0.5,,[OPT-SAFE] Replay exact safe_leakage_exp/09 best LGBM params,"Params: {'n_estimators': 313, 'learning_rate': 0.016591795339183982, 'num_leaves': 20, 'max_depth': 11, 'min_child_samples': 69, 'subsample': 0.7308128389677522, 'colsample_bytree': 0.8076747381893401, 'reg_lambda': 0.22773001776171356} | Leakage-safe recovery pass 2.",,False
c0f63085db98791f,35e8c9994d1decc7292dec126210d8bcb6d9a188e970f1d34dec3c849c98e1e6,optimized_safe_model/results/22_lgbm_local_around_winner.json,hyperack_optimized_safe,hyperack,22,lgbm_local_around_winner,RandomizedSearchCV(LGBMClassifier),lightgbm,safe,optimized,completed,True,True,25,,,0.9432738374212362,0.946303086576884,0.8721872187218722,0.928409090909091,0.7870905587668593,0.8519290928050052,244.489,,0.5,,[OPT-SAFE] 60-trial local search around prior safe winner (4-fold),"Best: {'model__colsample_bytree': np.float64(0.7128696878124973), 'model__learning_rate': np.float64(0.01557292928473223), 'model__max_depth': 8, 'model__min_child_samples': 50, 'model__min_split_gain': np.float64(0.07186856720009173), 'model__n_estimators': 379, 'model__num_leaves': 32, 'model__reg_alpha': np.float64(0.39156220822205046), 'model__reg_lambda': np.float64(1.528475681165901), 'model__subsample': np.float64(0.6984110543023001)} | Leakage-safe recovery pass 2.",,False
51cb16d8ca802a09,534c717d2d23c23985ab82f63df43b665e49838ad063c69cb4e6fd0c2640b0ce,optimized_safe_model/results/23_lgbm_winner_seed_bag.json,hyperack_optimized_safe,hyperack,23,lgbm_winner_seed_bag,SeedBagLGBM,ensemble,safe,optimized,completed,True,True,25,,,0.9443543977503515,0.9478362519154401,0.8681368136813682,0.9418742586002372,0.7649325626204239,0.8442317916002127,6.957,,0.5,,[OPT-SAFE] 7-seed bag of prior safe winner params,Average probabilities across seeds 7..67. | Leakage-safe recovery pass 2.,,False
5434b3e84a98d1b8,162ba4743f6d5e1d6012da5c5091c5630cb8a4f1a12b5b1dcd6ef9d345aceb6b,optimized_safe_model/results/24_softvote_winner_xgb_hgb.json,hyperack_optimized_safe,hyperack,24,softvote_winner_xgb_hgb,SoftVote,ensemble,safe,optimized,completed,True,True,25,,,0.9443161550278601,0.9476162059250729,0.8726372637263726,0.9364161849710982,0.7803468208092486,0.8512874408828166,5.791,,0.5,,[OPT-SAFE] Soft-vote best local/winner LGBM + tuned XGB + HGB,"Weights 0.55/0.30/0.15 | xgb={'model__colsample_bytree': np.float64(0.7300793579220679), 'model__learning_rate': np.float64(0.025392287826887055), 'model__max_depth': 5, 'model__min_child_weight': 3, 'model__n_estimators': 385, 'model__reg_lambda': np.float64(7.143742712122061), 'model__subsample': np.float64(0.8685239168468276)} | Leakage-safe recovery pass 2.",,False
cf164f9e56c668a7,60b8d85f2a744a9f2e655e683635ddc6475beaf03dfdeafaaeabe6a832154eae,optimized_safe_model/results/25_lgbm_broad_80_original_space.json,hyperack_optimized_safe,hyperack,25,lgbm_broad_80_original_space,RandomizedSearchCV(LGBMClassifier),lightgbm,safe,optimized,completed,True,True,25,,,0.9403999375097641,0.9427434406006917,0.8613861386138614,0.9157175398633257,0.7745664739884393,0.8392484342379958,865.931,,0.5,,"[OPT-SAFE] 80-trial LGBM in original safe search space (4-fold, new seed)","Best: {'model__colsample_bytree': np.float64(0.8937642149592515), 'model__learning_rate': np.float64(0.04933672019404554), 'model__max_depth': 5, 'model__min_child_samples': 27, 'model__n_estimators': 406, 'model__num_leaves': 69, 'model__reg_lambda': np.float64(7.9461135870769235), 'model__subsample': np.float64(0.8896904085047022)} | Leakage-safe recovery pass 2.",,False
4c1397aecfbd7cd2,b107f2e5d5c82a2b9a7d9c6cfc5137435fa988f1bff09ec488719b761491e591,optimized_safe_model/results/26_lgbm_light_extras_local.json,hyperack_optimized_safe,hyperack,26,lgbm_light_extras_local,RandomizedSearchCV(LGBMClassifier),lightgbm,safe,optimized,completed,True,True,28,,,0.943248613497891,0.946451216326184,0.8699369936993699,0.9380116959064327,0.7726396917148363,0.8473322768092975,290.358,,0.5,,[OPT-SAFE] Local LGBM on 25+3 light safe extras,"Best: {'model__colsample_bytree': np.float64(0.7223076398078035), 'model__learning_rate': np.float64(0.027081587970636457), 'model__max_depth': 9, 'model__min_child_samples': 47, 'model__n_estimators': 424, 'model__num_leaves': 14, 'model__reg_lambda': np.float64(1.8686408041575642), 'model__subsample': np.float64(0.7146949954000043)} | extras=log_first_fare,sqrt_distance,route_vs_reported | Leakage-safe recovery pass 2.",,False
03b1b1f751940ec1,cf1dcac9f15aeaa2cc43db761f9eb329490734cf16259e35cb9cc20fde244849,optimized_safe_model/results/27_lgbm_best_of_pass2_seed_bag.json,hyperack_optimized_safe,hyperack,27,lgbm_best_of_pass2_seed_bag,SeedBagLGBM,ensemble,safe,optimized,completed,True,True,25,,,0.944456920793626,0.9476101647326373,0.8685868586858686,0.9429928741092637,0.7649325626204239,0.8446808510638298,16.586,,0.5,,[OPT-SAFE] 10-seed bag of best pass-2 single model (winner),"Source=winner base_roc=0.945004 params={'n_estimators': 313, 'learning_rate': 0.016591795339183982, 'num_leaves': 20, 'max_depth': 11, 'min_child_samples': 69, 'subsample': 0.7308128389677522, 'colsample_bytree': 0.8076747381893401, 'reg_lambda': 0.22773001776171356} | Leakage-safe recovery pass 2.",,False
e1cf9bfcc09e8f4c,d9bb9a5d8beaa45fb6b14f7ef435cc955cb203adf2de33a28f2ea2f9ac3ac9d9,optimized_safe_model/results/28_lgbm_winner_cv_target_encoding.json,hyperack_optimized_safe,hyperack,28,lgbm_winner_cv_target_encoding,LGBMClassifier+CVTargetEncoding,ensemble,safe,optimized,completed,True,True,30,,,0.9438751432067907,0.9475613910690733,0.8663366336633663,0.9333333333333333,0.7687861271676301,0.8431061806656102,1.015,,0.5,,[OPT-SAFE] Prior winner LGBM + OOF target encoding on safe categoricals,"TE cols=['deliverey_category_id', 'weekday', 'time_bucket', 'is_rush_hour', 'is_weekend'] | Leakage-safe recovery pass 3.",,False
742d5c111d4f6e20,4f5dcaee0ae9c49adb3243752923a0117eff02c5b0ee526cf46ebbc4d6dad1df,optimized_safe_model/results/29_lgbm_winner_bootstrap_bag.json,hyperack_optimized_safe,hyperack,29,lgbm_winner_bootstrap_bag,BootstrapBag,ensemble,safe,optimized,completed,True,True,25,,,0.943013461438317,0.947020513594033,0.8699369936993699,0.9550425273390036,0.7572254335260116,0.8447071466953251,15.778,,0.5,,[OPT-SAFE] 15-bag bootstrap of prior safe winner LGBM,Row bootstrap + seed diversity. | Leakage-safe recovery pass 3.,,False
38310812506aa00f,23594f71862ed07dfcd9bc35dbd56e02b58c24265148cca163f10d439eca1f6b,optimized_safe_model/results/30_catboost_safe.json,hyperack_optimized_safe,hyperack,30,catboost_safe,CatBoostClassifier,catboost,safe,optimized,completed,True,True,25,,,0.9427807504035828,0.9460290633142627,0.878037803780378,0.9265850945494994,0.802504816955684,0.8600929272070211,2.574,,0.5,,[OPT-SAFE] CatBoost on proven safe 25-feature matrix,iterations=1200 depth=6 lr=0.03 | Leakage-safe recovery pass 3.,,False
41fef89b00e66725,20454aad58a20adff68f68cc509a1aa20cf2ffa5623ea1acae7751c068c6f753,optimized_safe_model/results/31_lgbm_optuna_around_winner.json,hyperack_optimized_safe,hyperack,31,lgbm_optuna_around_winner,Optuna+LGBMClassifier,lightgbm,safe,optimized,completed,True,True,25,,,0.942497591522158,0.9454518670151862,0.8694869486948695,0.9318706697459584,0.7774566473988439,0.8476890756302521,1.797,,0.5,,[OPT-SAFE] 40-trial Optuna TPE local LGBM around prior winner,"Best: {'n_estimators': 354, 'learning_rate': 0.013007054352515143, 'num_leaves': 32, 'max_depth': 9, 'min_child_samples': 58, 'subsample': 0.7453797995987532, 'colsample_bytree': 0.7140439196275704, 'reg_lambda': 0.36616270408876156, 'reg_alpha': 0.08734636317575088} cv=0.932453 | Leakage-safe recovery pass 3.",,False
e726c4ab33500948,925e641209a65e3c6590b00c7afc0000064049f41b54a0efebc32e07683a739e,optimized_safe_model/results/32_oof_stack_lgbm_xgb_hgb_cat.json,hyperack_optimized_safe,hyperack,32,oof_stack_lgbm_xgb_hgb_cat,OOFBlend,ensemble,safe,optimized,completed,True,True,25,,,0.9442933721293548,0.9473335925128549,0.8703870387038704,0.9139072847682119,0.7976878612716763,0.8518518518518519,49.965,,0.5,,[OPT-SAFE] OOF logistic stack of safe LGBM/XGB/HGB(/CatBoost),n_models=4 | Leakage-safe recovery pass 3.,,False
05e5ee8bddae042f,e5370c8b91db69aebccb4d595dd15b9d0cc2a5073084ace85313bd94436bacbf,optimized_safe_model/results/33_best_params_te_bootstrap.json,hyperack_optimized_safe,hyperack,33,best_params_te_bootstrap,BootstrapBag,ensemble,safe,optimized,completed,True,True,30,,,0.9426424256626568,0.9459444841946978,0.8681368136813682,0.9504232164449818,0.7572254335260116,0.8428954423592493,19.547,,0.5,,[OPT-SAFE] Bootstrap bag of best params on TE or base safe matrix,"use_te=True params={'n_estimators': 313, 'learning_rate': 0.016591795339183982, 'num_leaves': 20, 'max_depth': 11, 'min_child_samples': 69, 'subsample': 0.7308128389677522, 'colsample_bytree': 0.8076747381893401, 'reg_lambda': 0.22773001776171356} | Leakage-safe recovery pass 3.",,False
1379398ea4338361,c069594a1c012f5c1c7186992fc2075371c990d78c9e6e0725caa3e6aebd87e4,optimized_safe_model/results/34_soft_avg_winner_te_optuna.json,hyperack_optimized_safe,hyperack,34,soft_avg_winner_te_optuna,FixedSoft,lightgbm,safe,optimized,completed,True,True,25,,,0.9446286062073633,0.9479555186298808,0.8685868586858686,0.9398584905660378,0.7678227360308285,0.8451749734888653,4.013,,0.5,,[OPT-SAFE] Fixed soft-average of winner + TE-winner + Optuna LGBM,weights 0.45/0.30/0.25 | Leakage-safe recovery pass 3.,,False
5a616a06b0a8e256,21a7e3b716c0e9cb9f637f5c828dcc495716f1eb7f1d3aac0f40402f8d967430,optimized_safe_model/results/35_lgbm_best_oof_seed.json,hyperack_optimized_safe,hyperack,35,lgbm_best_oof_seed,LGBMClassifier,ensemble,safe,optimized,completed,True,True,25,,,0.9445659532364734,0.9482807067854898,0.8681368136813682,0.9377203290246768,0.7687861271676301,0.8448914769719428,1.177,,0.5,,[OPT-SAFE] Winner params; seed chosen by 4-fold OOF AUC,best_seed=196 oof=0.930981 | Leakage-safe recovery pass 4.,,False
99435cadf45be20a,2b84f7dc900252cee69c0efceb6057afff3538b0e3721e5acb11ab55fd5a8b19,optimized_safe_model/results/36_lgbm_top7_oof_seeds_bag.json,hyperack_optimized_safe,hyperack,36,lgbm_top7_oof_seeds_bag,TopSeedBag,ensemble,safe,optimized,completed,True,True,25,,,0.9446180284330573,0.9480773366870248,0.8681368136813682,0.9418742586002372,0.7649325626204239,0.8442317916002127,7.165,,0.5,,[OPT-SAFE] Bag average of 7 seeds with highest OOF AUC,"seeds=[196, 98, 0, 7, 133, 84, 161] | Leakage-safe recovery pass 4.",,False
db834ad429636ea8,888595f68dfc375cc1d77763a05e1428986618f61df0316fdfc07125d2127598,optimized_safe_model/results/37_lgbm_winner_feature_ablation.json,hyperack_optimized_safe,hyperack,37,lgbm_winner_feature_ablation,LGBMClassifier,ensemble,safe,optimized,completed,True,True,18,,,0.9438442235588189,0.947114256132729,0.8685868586858686,0.944047619047619,0.7639691714836223,0.8445154419595314,1.031,,0.5,,[OPT-SAFE] Greedy OOF feature ablation on winner LGBM,"kept=18 dropped=[('weekday', 0.0003100307465818686), ('sum_product', 6.02045917933447e-05), ('destination_longitude', 0.0005891194882517992), ('hour_sin', 2.6183653827449582e-05), ('first_fare_per_km', 0.0004430864568474302), ('haversine_km', 0.0002514546813623397), ('latitude_delta', 8.0001367962379e-05)] oof=0.932451 | Leakage-safe recovery pass 4.",,False
58ec01b789a5d11f,47356b319ef6776d4ee5438c1d933a63e8c885298d9125632a17a586feffd917,optimized_safe_model/results/38_oof_auc_weighted_blend.json,hyperack_optimized_safe,hyperack,38,oof_auc_weighted_blend,WeightedBlend,ensemble,safe,optimized,completed,True,True,25,,,0.9437693654637298,0.9472894336144687,0.873087308730873,0.9305239179954442,0.7870905587668593,0.8528183716075156,9.424,,0.5,,[OPT-SAFE] Soft blend with weights maximizing train OOF AUC,"weights={'lgbm': 0.3962291438158643, 'xgb': 0.1417024083548209, 'hgb': 0.2588243579291153, 'cat': 0.20324408990019954} | Leakage-safe recovery pass 4.",,False
9510001d27fe2d37,d89d23030725f15e6d6cd17736ed1d361efc848a842566e98efd14146a451892,optimized_safe_model/results/39_lgbm_oof_jitter_around_winner.json,hyperack_optimized_safe,hyperack,39,lgbm_oof_jitter_around_winner,LGBMClassifier,ensemble,safe,optimized,completed,True,True,25,,,0.9440940217674322,0.9481939519479762,0.8694869486948695,0.9410377358490566,0.7687861271676301,0.8462354188759279,1.295,,0.5,,[OPT-SAFE] 40 jittered param sets; pick by OOF AUC,"oof=0.931638 params={'n_estimators': 329, 'learning_rate': 0.01492402354615163, 'num_leaves': 24, 'max_depth': 11, 'min_child_samples': 61, 'subsample': 0.7078136362869687, 'colsample_bytree': 0.8311941404015996, 'reg_lambda': 0.22773001776171356} | Leakage-safe recovery pass 4.",,False
d54cde71cbd49d7b,5d1fe2db5259826fec40c65d348ca21f2e8a1d92e85eadcb01f4c0651e8984bc,optimized_safe_model/results/40_lgbm_champ_ablation_seed_params.json,hyperack_optimized_safe,hyperack,40,lgbm_champ_ablation_seed_params,LGBMClassifier,ensemble,safe,optimized,completed,True,True,18,,,0.9443137140030203,0.9466238106221497,0.8712871287128713,0.9444444444444444,0.7697495183044316,0.8481953290870489,1.215,,0.5,,[OPT-SAFE] Best OOF combo: ablation cols + seed + jitter params,"seed=196 n_feat=18 params={'n_estimators': 329, 'learning_rate': 0.01492402354615163, 'num_leaves': 24, 'max_depth': 11, 'min_child_samples': 61, 'subsample': 0.7078136362869687, 'colsample_bytree': 0.8311941404015996, 'reg_lambda': 0.22773001776171356} | Leakage-safe recovery pass 4.",,False
34b8b72921b1dc64,d47be94572397e3839790b97a4b4aa79699bf37751f1aa4607950ae31583dc2b,optimized_safe_model/results/41_tuned_logistic_regression.json,hyperack_optimized_safe,hyperack,41,tuned_logistic_regression,RandomizedSearchCV(LogisticRegression),logistic_regression,safe,optimized,completed,True,True,25,,,0.8823198198198199,0.8587471571784155,0.8496849684968497,0.9467005076142132,0.7186897880539499,0.8170865279299014,24.171,,0.5,,[OPT-SAFE] 40-trial RandomizedSearchCV LogisticRegression,"Best: {'model__C': np.float64(0.06704755197530224), 'model__class_weight': 'balanced', 'model__penalty': 'l1'} | Full RandomizedSearchCV tune-all pass.",,False
4048ca54ca066835,a371cc2966f63a47b6f3e809ba21a0fe295c8735b2c50314b7baf2f077fb9e92,optimized_safe_model/results/42_tuned_random_forest.json,hyperack_optimized_safe,hyperack,42,tuned_random_forest,RandomizedSearchCV(RandomForestClassifier),random_forest,safe,optimized,completed,True,True,25,,,0.9414479508410144,0.9446631649381467,0.8658865886588659,0.9262672811059908,0.7745664739884393,0.8436516264428122,528.654,,0.5,,[OPT-SAFE] 35-trial RandomizedSearchCV RandomForest,"Best: {'model__class_weight': 'balanced', 'model__max_depth': 9, 'model__max_features': None, 'model__min_samples_leaf': 4, 'model__min_samples_split': 12, 'model__n_estimators': 483} | Full RandomizedSearchCV tune-all pass.",,False
625a8c4f872626fa,841273f61ac44777090c24f1ee23bb9845fada3678585eca508feca86e694599,optimized_safe_model/results/43_tuned_extra_trees.json,hyperack_optimized_safe,hyperack,43,tuned_extra_trees,RandomizedSearchCV(ExtraTreesClassifier),extra_trees,safe,optimized,completed,True,True,25,,,0.9443796216736968,0.9481515041907373,0.873987398739874,0.9406976744186046,0.779383429672447,0.8524762908324552,129.134,,0.5,,[OPT-SAFE] 30-trial RandomizedSearchCV ExtraTrees,"Best: {'model__class_weight': None, 'model__max_depth': 11, 'model__max_features': None, 'model__min_samples_leaf': 3, 'model__n_estimators': 688} | Full RandomizedSearchCV tune-all pass.",,False
823cb802656e8f47,5bc8acb0d4325a966b43d0bdcc56a1c63c8cdf399b0526cac420c410bb79a60c,optimized_safe_model/results/44_tuned_hist_gradient_boosting.json,hyperack_optimized_safe,hyperack,44,tuned_hist_gradient_boosting,RandomizedSearchCV(HistGradientBoostingClassifier),hist_gradient_boosting,safe,optimized,completed,True,True,25,,,0.9412038483570274,0.9436447825893599,0.8712871287128713,0.9177777777777778,0.7957610789980732,0.8524251805985552,65.213,,0.5,,[OPT-SAFE] 40-trial RandomizedSearchCV HistGradientBoosting,"Best: {'model__l2_regularization': np.float64(0.993578407670862), 'model__learning_rate': np.float64(0.02082831756854036), 'model__max_depth': 6, 'model__max_iter': 698, 'model__max_leaf_nodes': 31, 'model__min_samples_leaf': 17} | Full RandomizedSearchCV tune-all pass.",,False
f7164453070c72a0,d49b7cc53f87933358d167e3bebf2471487d7972884e6469618f36983a821177,optimized_safe_model/results/45_tuned_linear_svc_calibrated.json,hyperack_optimized_safe,hyperack,45,tuned_linear_svc_calibrated,RandomizedSearchCV(CalibratedClassifierCV(LinearSVC)),linear_svc,safe,optimized,completed,True,True,25,,,0.8828991563818154,0.861424939304104,0.8505850585058505,0.9491094147582697,0.7186897880539499,0.8179824561403509,3.065,,0.5,,[OPT-SAFE] 25-trial RandomizedSearchCV Calibrated LinearSVC,"Best: {'model__estimator__C': np.float64(0.26467902195089754), 'model__estimator__class_weight': 'balanced'} | Full RandomizedSearchCV tune-all pass.",,False
7345243ff4c1da56,2794042658617b3eb128f8367b7cbdae843e9108643c75db7f7dcba5d41d8a6c,optimized_safe_model/results/46_tuned_lightgbm_full_search.json,hyperack_optimized_safe,hyperack,46,tuned_lightgbm_full_search,RandomizedSearchCV(LGBMClassifier),lightgbm,safe,optimized,completed,True,True,25,,,0.9426700906108422,0.9447698454163914,0.8694869486948695,0.9240362811791383,0.7851637764932563,0.8489583333333334,585.517,,0.5,,[OPT-SAFE] 60-trial RandomizedSearchCV LightGBM (full safe space),"Best: {'model__colsample_bytree': np.float64(0.7027775758032037), 'model__learning_rate': np.float64(0.014169043633862503), 'model__max_depth': 7, 'model__min_child_samples': 57, 'model__n_estimators': 650, 'model__num_leaves': 44, 'model__reg_alpha': np.float64(1.0850804611097986), 'model__reg_lambda': np.float64(4.12051261471008), 'model__subsample': np.float64(0.8408997854557686)} | Full RandomizedSearchCV tune-all pass.",,False
9e7b89880d9599eb,42792479640371992e8a08427623f2b2c377ae6e9efe4fa28c424ebad893e59b,optimized_safe_model/results/47_tuned_xgboost_full_search.json,hyperack_optimized_safe,hyperack,47,tuned_xgboost_full_search,RandomizedSearchCV(XGBClassifier),xgboost,safe,optimized,completed,True,True,25,,,0.9417001900744674,0.944806807834665,0.8685868586858686,0.9172259507829977,0.789980732177264,0.8488612836438924,38.097,,0.5,,[OPT-SAFE] 50-trial RandomizedSearchCV XGBoost,"Best: {'model__colsample_bytree': np.float64(0.6804414628598097), 'model__gamma': np.float64(1.3270035382161116), 'model__learning_rate': np.float64(0.012607390061546243), 'model__max_depth': 8, 'model__min_child_weight': 2, 'model__n_estimators': 1121, 'model__reg_lambda': np.float64(3.6873931438899787), 'model__subsample': np.float64(0.9483372387832463)} | Full RandomizedSearchCV tune-all pass.",,False
6c0a9aa2f5caa476,ead3213cf6800217488a34cdc4e56d5f7c4c93a071e9c3a710c31ffea792fdcc,optimized_safe_model/results/48_tuned_catboost_full_search.json,hyperack_optimized_safe,hyperack,48,tuned_catboost_full_search,RandomizedSearchCV(CatBoostClassifier),catboost,safe,optimized,completed,True,True,25,,,0.941664388376816,0.9430445838550766,0.8735373537353736,0.9345579793340988,0.7842003853564548,0.8528025144054479,136.87,,0.5,,[OPT-SAFE] 30-trial RandomizedSearchCV CatBoost,"Best: {'model__bagging_temperature': np.float64(0.03087674144370367), 'model__depth': 5, 'model__iterations': 743, 'model__l2_leaf_reg': np.float64(9.324426408004218), 'model__learning_rate': np.float64(0.040480693281393136), 'model__random_strength': np.float64(0.36364993441420124)} | Full RandomizedSearchCV tune-all pass.",,False
07633e5d793b19c8,44850d36cf4fac28e7395abd70980bfb56c418604722f3609d8aa9724b7dfdb4,optimized_safe_model/results/49_tuned_selectk_lightgbm.json,hyperack_optimized_safe,hyperack,49,tuned_selectk_lightgbm,RandomizedSearchCV(SelectKBest+LGBM),lightgbm,safe,optimized,completed,True,True,25,,,0.942514678696037,0.9460621906280415,0.8712871287128713,0.9205816554809844,0.7928709055876686,0.8519668737060041,299.578,,0.5,,[OPT-SAFE] 35-trial joint SelectKBest + LightGBM RandomizedSearchCV,"Best: {'model__colsample_bytree': np.float64(0.7454562418017752), 'model__learning_rate': np.float64(0.033340450985343384), 'model__max_depth': 7, 'model__min_child_samples': 72, 'model__n_estimators': 321, 'model__num_leaves': 59, 'model__reg_lambda': np.float64(0.2153121252070788), 'model__subsample': np.float64(0.8311936650645972), 'select__k': 21} | Full RandomizedSearchCV tune-all pass.",,False
b1dd60eff1171951,b6df62f2bca7f754916226dd0c095be8ce6c45334c2d5a6b161374d5bd24e0fc,optimized_safe_model/results/50_softvote_top_tuned_models.json,hyperack_optimized_safe,hyperack,50,softvote_top_tuned_models,SoftVoteTuned,ensemble,safe,optimized,completed,True,True,25,,,0.9444528524188929,0.9476560374190363,0.8721872187218722,0.928409090909091,0.7870905587668593,0.8519290928050052,9.182,,0.5,,[OPT-SAFE] Soft-vote of top-4 RandomizedSearch winners,"models=['et', 'lgbm', 'xgb', 'cat'] weights=[0.2505, 0.25, 0.2498, 0.2498] | Full RandomizedSearchCV tune-all pass.",,False
9805c784a173f604,db384f88b13c9efc1d4df12aa9a0838cfa41ec4975270bdf2c956e8898341f7f,optimized_safe_model/results/51_stacking_top_tuned_models.json,hyperack_optimized_safe,hyperack,51,stacking_top_tuned_models,StackingClassifier,ensemble,safe,optimized,completed,True,True,25,,,0.9450167291569025,0.9483300004792468,0.8685868586858686,0.9072052401746725,0.8005780346820809,0.8505629477993859,19.832,,0.5,,[OPT-SAFE] StackingClassifier of tuned ET+LGBM+XGB,"base=et,lgbm,xgb | Full RandomizedSearchCV tune-all pass.",,False
aca41dbbb5c7bb15,aafbfff1487f0aca516048860239e865d66fd81058cb5a80cf46175f2b1876e9,optimized_safe_model/results/52_extratrees_tuned_seed_bag.json,hyperack_optimized_safe,hyperack,52,extratrees_tuned_seed_bag,ETBag,ensemble,safe,optimized,completed,True,True,25,,,0.9442388559079309,0.948290243625111,0.873987398739874,0.9417249417249417,0.7784200385356455,0.8523206751054853,13.72,,0.5,,[OPT-SAFE] 7-seed bag of RandomizedSearchCV ExtraTrees winner,"params={'class_weight': None, 'max_depth': 11, 'max_features': None, 'min_samples_leaf': 3, 'n_estimators': 688} | Full RandomizedSearchCV tune-all pass.",,False
acecba4c61a83ca7,9249d4991c565e88b40d5043b7c7c02c71716f438fe7d645630bbfdc3919c9be,optimized_safe_model/results/53_softvote_etbag_lgbmwinner_xgb.json,hyperack_optimized_safe,hyperack,53,softvote_etbag_lgbmwinner_xgb,Soft3,ensemble,safe,optimized,completed,True,True,25,,,0.9454609956777585,0.9490744433461478,0.8721872187218722,0.9373549883990719,0.7784200385356455,0.8505263157894737,15.715,,0.5,,[OPT-SAFE] Soft-vote ET seed-bag + prior LGBM winner + tuned XGB,weights 0.40/0.40/0.20 | Full RandomizedSearchCV tune-all pass.,,False
6a96aae5b05f813b,2ad0e07f128d7532fa254b1a9fe54a9d1ecfc87a46feb6a39eaa4715b6399f63,safe_leakage_exp/results/01_baseline_current.json,hyperack_safe,hyperack,01,baseline_current,xgboost,xgboost,safe,unspecified,completed,True,True,11,,,0.938609038952247,0.9408737056943642,0.8645364536453646,0.8966630785791173,0.802504816955684,0.8469750889679716,0.647,,0.5,,[SAFE] Current feature set + train-only KMeans(3); select best LR/XGB/SVM,The model comparison is performed on the common held-out split. | Leakage-safe: final fares dropped.,,False
b8d8edcac49176dd,8e538ec1642f1fc9cc18fc7a00e04d016a6c4946e3dabd91f182b884918b6138,safe_leakage_exp/results/02_lightgbm_strong_baseline.json,hyperack_safe,hyperack,02,lightgbm_strong_baseline,LGBMClassifier,lightgbm,safe,unspecified,completed,True,True,10,,,0.9364869746914544,0.9401044130075771,0.8663366336633663,0.8996763754045307,0.8034682080924855,0.8488549618320611,2.892,,0.5,,[SAFE] LightGBM on raw baseline features,Strong tree baseline before feature engineering. | Leakage-safe: final fares dropped.,,False
06a48ec9cd114620,aef79b6fabb04047b85c0df97bf6595f7a3c7f0d69f052554f74879f4b1133ef,safe_leakage_exp/results/03_fare_pricing_features.json,hyperack_safe,hyperack,03,fare_pricing_features,LGBMClassifier,lightgbm,safe,unspecified,completed,True,True,12,,,0.9358254569598501,0.9397138079841691,0.8591359135913591,0.8918918918918919,0.7947976878612717,0.8405501782985226,2.444,,0.5,,"[SAFE] LightGBM with fare, fare-delta, and fare-per-km features",Pricing features may be highly predictive but can be post-decision leakage. | Leakage-safe: final fares dropped.,,False
c863e531484bb577,fbaa3a7c21e36b82bb2ee26b414be79808d25111414c05ba8f77c78bc2d4d07f,safe_leakage_exp/results/04_time_cyclical_features.json,hyperack_safe,hyperack,04,time_cyclical_features,LGBMClassifier,lightgbm,safe,unspecified,completed,True,True,18,,,0.9418865216372441,0.9445413741943116,0.8771377137713772,0.912621359223301,0.815028901734104,0.8610687022900764,3.044,,0.5,,"[SAFE] LightGBM with hour, rush-hour, weekend, and cyclical time features",Time features are available early and are generally deployment-safe. | Leakage-safe: final fares dropped.,,False
39b4945fbaea4077,5ff81c6d62ff62237972e3fa9bca0eedd74393f49274ae5c658baa216b8c1ee9,safe_leakage_exp/results/05_geo_distance_bearing.json,hyperack_safe,hyperack,05,geo_distance_bearing,LGBMClassifier,lightgbm,safe,unspecified,completed,True,True,15,,,0.9352778537207728,0.9387731207598095,0.8568856885688569,0.8896103896103896,0.791907514450867,0.8379204892966361,2.596,,0.5,,[SAFE] LightGBM with Haversine route distance and direction features,Geographic transforms retain route structure more faithfully than raw deltas alone. | Leakage-safe: final fares dropped.,,False
8da27c964cc08584,36f81c8bb71cddfdf091a97331705051440a21dea9ab989ea46b4ead802b8828,safe_leakage_exp/results/06_interactions_bins.json,hyperack_safe,hyperack,06,interactions_bins,LGBMClassifier,lightgbm,safe,unspecified,completed,True,True,29,,,0.9388686012602196,0.9433224907241387,0.8636363636363636,0.8981581798483207,0.7986512524084779,0.8454869964303927,3.761,,0.5,,[SAFE] LightGBM with engineered interactions and train-fitted quantile bins,Bins are fitted on training rows only. | Leakage-safe: final fares dropped.,,False
4c2abe8d759459af,24ac07c8947aecb3e3686ee67a49c872510e9ad3f138faec66fd491c3632ddb7,safe_leakage_exp/results/07_feature_selection.json,hyperack_safe,hyperack,07,feature_selection,SelectKBest + LGBMClassifier,lightgbm,safe,unspecified,completed,True,True,25,,,0.9386936611466958,0.9412292989064894,0.8672367236723673,0.8990332975295381,0.8063583815028902,0.8501777552056882,3.303,,0.5,,[SAFE] Mutual-information selection followed by LightGBM,Selection is fit exclusively on training data inside the pipeline. | Leakage-safe: final fares dropped.,,False
d58f71737ac669ad,4dd324dbddefe04542a72592bbbd0a5b30038d4546081e40f09490af699deb9e,safe_leakage_exp/results/08_xgboost_tuned.json,hyperack_safe,hyperack,08,xgboost_tuned,RandomizedSearchCV(XGBClassifier),xgboost,safe,unspecified,completed,True,True,25,,,0.9418889626620841,0.9436047863821014,0.8658865886588659,0.9252873563218391,0.7755298651252408,0.8438155136268344,15.198,,0.5,,[SAFE] 20-trial randomized-search XGBoost on full engineered features,"Best params: {'model__colsample_bytree': np.float64(0.7300793579220679), 'model__learning_rate': np.float64(0.025392287826887055), 'model__max_depth': 5, 'model__min_child_weight': 3, 'model__n_estimators': 385, 'model__reg_lambda': np.float64(7.143742712122061), 'model__subsample': np.float64(0.8685239168468276)} | Leakage-safe: final fares dropped.",,False
42694ad91ffa399d,8b55162fc3901835ec33f615ae3e584cee4006d1e878e31f0a071052d3bdff61,safe_leakage_exp/results/09_lightgbm_tuned.json,hyperack_safe,hyperack,09,lightgbm_tuned,RandomizedSearchCV(LGBMClassifier),lightgbm,safe,unspecified,completed,True,True,25,,,0.9450037103577568,0.9487270589112673,0.869036903690369,0.9378663540445487,0.7707129094412332,0.8461131676361714,175.598,,0.5,,[SAFE] 20-trial randomized-search LightGBM on full engineered features,"Best params: {'model__colsample_bytree': np.float64(0.8076747381893401), 'model__learning_rate': np.float64(0.016591795339183982), 'model__max_depth': 11, 'model__min_child_samples': 69, 'model__n_estimators': 313, 'model__num_leaves': 20, 'model__reg_lambda': np.float64(0.22773001776171356), 'model__subsample': np.float64(0.7308128389677522)} | Leakage-safe: final fares dropped.",,False
19a159468502ef02,8680764ff8275de00657eb2ed41262302dc9fdba1c04f8a0614f4af06bc63acb,safe_leakage_exp/results/10_histgb_sklearn.json,hyperack_safe,hyperack,10,histgb_sklearn,HistGradientBoostingClassifier,hist_gradient_boosting,safe,unspecified,completed,True,True,25,,,0.9390272678748113,0.9435290098131979,0.8699369936993699,0.898828541001065,0.8131021194605009,0.8538189175518462,3.533,,0.5,,[SAFE] sklearn HistGradientBoosting on full engineered features,A dependency-light boosted-tree competitor. | Leakage-safe: final fares dropped.,,False
914bfeb21513af90,254a3175806b4e0628372b5d69137e794cec1398f282d8c49f450337426022e3,safe_leakage_exp/results/11_tabpfn.json,hyperack_safe,hyperack,11,tabpfn,TabPFNClassifier,tabpfn,safe,unspecified,skipped,True,True,0,,,,,,,,,,,,,[SAFE] TabPFN skipped (license/token),Skipped in safe suite for the same license reason as unsafe suite.,,False
f46bc287e5526f42,4c1d3edd17ed75a7ce10c5948548990e4d345d7c6f4084c9bd634c13536386c6,safe_leakage_exp/results/12_threshold_calibration.json,hyperack_safe,hyperack,12,threshold_calibration,CalibratedClassifierCV(LGBMClassifier),lightgbm,safe,unspecified,completed,True,True,25,,,0.9385821876790086,0.9425740391493023,0.8654365436543654,0.9341950646298472,0.7658959537572254,0.841715193223928,11.996,,0.4700000000000001,,[SAFE] Isotonic-calibrated LightGBM with threshold selected on an inner validation split,Primary ranking remains ROC-AUC; threshold targets F1. | Leakage-safe: final fares dropped.,,False
16914e94ed9ea29b,ffcb4447396292f7019725d255d1422ab3f70c513986b5e7f3697a0df542124e,safe_leakage_exp/results/13_stacking_ensemble.json,hyperack_safe,hyperack,13,stacking_ensemble,StackingClassifier,ensemble,safe,unspecified,completed,True,True,25,,,0.9367497916992136,0.9384745939216415,0.8663366336633663,0.8979591836734694,0.8053949903660886,0.8491620111731844,16.028,,0.5,,"[SAFE] Out-of-fold stacking of logistic regression, LightGBM, and XGBoost",Meta-learner receives only cross-validated base probabilities. | Leakage-safe: final fares dropped.,,False
fabb5849934df9a2,8cf62f118f443370d1506b5bf5ba34248ae525c5f486ada2f28d6378f4cfaef4,safe_leakage_exp/results/14_leakage_safe_features.json,hyperack_safe,hyperack,14,leakage_safe_features,LGBMClassifier,lightgbm,safe,unspecified,completed,True,True,25,,,0.9386554184242045,0.9417720835326946,0.8658865886588659,0.8995680345572354,0.802504816955684,0.8482688391038696,4.046,,0.5,,[SAFE] LightGBM with full safe FE but without final customer/biker fares,Use this result for realistic pre-decision performance. | Leakage-safe: final fares dropped.,,False
037bf04de1d4f4f3,049c3ce7ef7191706fb4bc4e6b786ce275a298981296f1b5f30a55d5417572d2,safe_leakage_exp/results/15_full_fe_best_blend.json,hyperack_safe,hyperack,15,full_fe_best_blend,"ProbabilityBlend(LGBMClassifier, XGBClassifier)",ensemble,safe,unspecified,completed,True,True,25,,,0.9384202663646305,0.9419629460141081,0.8672367236723673,0.8998923573735199,0.8053949903660886,0.8500254194204372,8.34,,0.5,,[SAFE] 0.60 LightGBM + 0.40 XGBoost blend on pricing/time/geographic features,Fixed blend is a robust final candidate; compare against stack and standalone tuned models. | Leakage-safe: final fares dropped.,,False
f64f5fbcadf0a56a,9f68f3c5b28c0ce97915170df58d6b49034e3625c5fad99101063e5ebb8e1c21,general_pipeline/results_external/mushroom__baseline__catboost.json,external_benchmark,mushroom,mushroom__baseline__catboost,catboost,catboost,catboost,external,baseline,completed,True,False,22,6499,1625,1.0,1.0,1.0,1.0,1.0,1.0,0.79,0.8,0.5,2026-09-16 12:41:45,,,,False
9b8525046369199f,65726c1423e4edb38025e460b5218f7b90a446d828982d4bc66b47e348a22585,general_pipeline/results_external/mushroom__baseline__extra_trees.json,external_benchmark,mushroom,mushroom__baseline__extra_trees,extra_trees,extra_trees,extra_trees,external,baseline,completed,True,False,22,6499,1625,1.0,1.0,1.0,1.0,1.0,1.0,0.229,0.259,0.5,2026-09-16 12:41:43,,,,False
4f4030cab93a3a87,ab1d62759577ca31b07b2aba78d8bd595b0591da7c8a837daba87503ad6a4bc4,general_pipeline/results_external/mushroom__baseline__hist_gradient_boosting.json,external_benchmark,mushroom,mushroom__baseline__hist_gradient_boosting,hist_gradient_boosting,hist_gradient_boosting,hist_gradient_boosting,external,baseline,completed,True,False,22,6499,1625,1.0,1.0,1.0,1.0,1.0,1.0,0.19,0.202,0.5,2026-09-16 12:41:43,,,,False
489f6e82d3f4c63a,dd906f1a849984a56202c42f65d358cc7907048458323ef9c4ada62c1d7ba6f7,general_pipeline/results_external/mushroom__baseline__lightgbm.json,external_benchmark,mushroom,mushroom__baseline__lightgbm,lightgbm,lightgbm,lightgbm,external,baseline,completed,True,False,22,6499,1625,1.0,1.0,1.0,1.0,1.0,1.0,0.469,0.491,0.5,2026-09-16 12:41:44,,,,False
6fbb627921bb31f3,673fe86b06bd44a4f7ba8106322dd7faaa9c32c2b7a7a97c6c95959de118bbcf,general_pipeline/results_external/mushroom__baseline__logistic_regression.json,external_benchmark,mushroom,mushroom__baseline__logistic_regression,logistic_regression,logistic_regression,logistic_regression,external,baseline,completed,True,False,22,6499,1625,0.9995919828420443,0.9995662599762437,0.9876923076923076,0.9935316946959897,0.9808429118773946,0.987146529562982,0.017,0.021,0.5,2026-09-16 12:41:42,,,,False
c24cef7855ff8231,4bd5a7bd142e991d22a7e77cf8df54b512c20a114d8d4522a50fa365d656072e,general_pipeline/results_external/mushroom__baseline__random_forest.json,external_benchmark,mushroom,mushroom__baseline__random_forest,random_forest,random_forest,random_forest,external,baseline,completed,True,False,22,6499,1625,1.0,1.0,1.0,1.0,1.0,1.0,0.295,0.326,0.5,2026-09-16 12:41:43,,,,False
42398a5af7d944c1,67068a1c18a1926e2434b6b9d745da08f71ebde096523387b238b5686888f52e,general_pipeline/results_external/mushroom__baseline__xgboost.json,external_benchmark,mushroom,mushroom__baseline__xgboost,xgboost,xgboost,xgboost,external,baseline,completed,True,False,22,6499,1625,1.0,1.0,1.0,1.0,1.0,1.0,0.044,0.053,0.5,2026-09-16 12:41:44,,,,False
a71d2dfb1722a021,bca55beee47ec2f7d03ec1a74c4c0204fe4e7bcdcdb9840f5de59446299a3ae8,general_pipeline/results_external/mushroom__optimized__catboost.json,external_benchmark,mushroom,mushroom__optimized__catboost,catboost,catboost,catboost,external,optimized,completed,True,False,22,6499,1625,1.0,1.0,1.0,1.0,1.0,1.0,2.506,2.548,0.5,2026-09-16 12:41:55,,,,False
059417221993c47d,a135cf4690a0abf2ede2c6ce01761873e86e558b6c4aded104d9258ec93e85f4,general_pipeline/results_external/mushroom__optimized__extra_trees.json,external_benchmark,mushroom,mushroom__optimized__extra_trees,extra_trees,extra_trees,extra_trees,external,optimized,completed,True,False,22,6499,1625,1.0,1.0,1.0,1.0,1.0,1.0,2.067,2.218,0.5,2026-09-16 12:41:48,,,,False
7b54887225731694,7bb52654414dd2cb48ea32cf829f0bf33a5a7bbe7b858df5d1fe4b0fc8fde148,general_pipeline/results_external/mushroom__optimized__hist_gradient_boosting.json,external_benchmark,mushroom,mushroom__optimized__hist_gradient_boosting,hist_gradient_boosting,hist_gradient_boosting,hist_gradient_boosting,external,optimized,completed,True,False,22,6499,1625,1.0,1.0,1.0,1.0,1.0,1.0,1.91,2.117,0.5,2026-09-16 12:41:51,,,,False
dfced5fe651d0602,0ddb4fed12874f1f16927dc7afca565db86048352b14ebe5c1e6b86a192a4b94,general_pipeline/results_external/mushroom__optimized__lightgbm.json,external_benchmark,mushroom,mushroom__optimized__lightgbm,lightgbm,lightgbm,lightgbm,external,optimized,completed,True,False,22,6499,1625,0.9999999999999999,1.0,1.0,1.0,1.0,1.0,1.092,1.124,0.5,2026-09-16 12:41:52,,,,False
cf2cd645b21f30f3,cabb08940b2ed1f143f5242ae85d273b18c2154b7d737fd2d05ddb2f18e00a19,general_pipeline/results_external/mushroom__optimized__logistic_regression.json,external_benchmark,mushroom,mushroom__optimized__logistic_regression,logistic_regression,logistic_regression,logistic_regression,external,optimized,completed,True,False,22,6499,1625,0.9996769232169347,0.99965608573068,0.9883076923076923,0.9948186528497409,0.9808429118773946,0.9877813504823151,0.3,0.306,0.5,2026-09-16 12:41:45,,,,False
e9f70ce2be8b9281,a3d0d5e09db115b6798c01e192de3cd59107ba38a3ce62dfeca63f91d4cb7e86,general_pipeline/results_external/mushroom__optimized__random_forest.json,external_benchmark,mushroom,mushroom__optimized__random_forest,random_forest,random_forest,random_forest,external,optimized,completed,True,False,22,6499,1625,1.0,1.0,1.0,1.0,1.0,1.0,1.204,1.305,0.5,2026-09-16 12:41:46,,,,False
04d7a8028783b2c3,95e21a5547ce2e90971d25ca720f96f45b255b058b8c79a4869e7867f08bc4cf,general_pipeline/results_external/mushroom__optimized__xgboost.json,external_benchmark,mushroom,mushroom__optimized__xgboost,xgboost,xgboost,xgboost,external,optimized,completed,True,False,22,6499,1625,1.0,1.0,1.0,1.0,1.0,1.0,0.557,0.576,0.5,2026-09-16 12:41:53,,,,False
24f507029a59e8e1,b86c33f44b08032e91610bb5b2916bcdd84074edc59db182f2fd17db005c999c,external_projects/mushroom_exp/results/ladder/01_safe_baseline_logistic.json,external_playbook,mushroom,1,baseline_logistic,logistic_regression,logistic_regression,safe,none,completed,True,False,22,6499,1625,0.9995919828420443,0.9995662599762437,0.9876923076923076,0.9935316946959897,0.9808429118773946,0.987146529562982,0.023,0.03,0.5,2026-09-16 13:59:56,,Floor: logistic regression on raw features.,,False
430fcbcc3ef29784,438f418a2d7560e2ed1c0d0af77a4164edc78e258d0069760430ec7df794df2e,external_projects/mushroom_exp/results/ladder/10_safe_hist_gradient_boosting.json,external_playbook,mushroom,10,hist_gradient_boosting,hist_gradient_boosting,hist_gradient_boosting,safe,none,completed,True,False,59,6499,1625,1.0,1.0,1.0,1.0,1.0,1.0,0.355,0.368,0.5,2026-09-16 14:00:36,,Sklearn HistGB on full FE (HyperAck exp 10).,,False
a444b5bb0fa5dd2d,705cc0b4cabaeb87714d10b1b2696284ba7983d42fb68f3ff9c1221b806504f7,external_projects/mushroom_exp/results/ladder/11_safe_extra_trees_strong.json,external_playbook,mushroom,11,extra_trees_strong,extra_trees,extra_trees,safe,hand_tuned,completed,True,False,59,6499,1625,1.0,1.0,1.0,1.0,1.0,1.0,0.485,0.553,0.5,2026-09-16 14:00:38,,"Strong ExtraTrees (n=600, depth=14) on full FE.",,False
9ea86cc0b17d9cc3,6926f835164f9d121762fbf8757e9bedc4f571a679ecc99e23ebe6d69d048d12,external_projects/mushroom_exp/results/ladder/12_safe_calibrated_lgbm_threshold.json,external_playbook,mushroom,12,calibrated_lgbm_threshold,lightgbm,lightgbm,safe,isotonic_calibration,completed,True,False,59,6499,1625,1.0,1.0,1.0,1.0,1.0,1.0,2.636,2.665,0.5,2026-09-16 14:00:42,,Isotonic-calibrated LightGBM; threshold kept at 0.5 for ranking metrics.,,False
8209922afc8673ba,57001b64e84f6f9ab83b83549b72853f0855d486132751e7ca6e811cda0e60a6,external_projects/mushroom_exp/results/ladder/13_safe_stacking_ensemble.json,external_playbook,mushroom,13,stacking_ensemble,stacking_ensemble,ensemble,safe,oof_stacking,completed,True,False,59,6499,1625,1.0,1.0,1.0,1.0,1.0,1.0,5.285,5.384,0.5,2026-09-16 14:00:49,,ET+LGBM+XGB stacked with logistic meta-learner (HyperAck exp 13).,,False
835bb27e305dd191,45dd4c4d4ce94355267f64a7077cb02ac37f578e528ae9beb49aa220b55b5783,external_projects/mushroom_exp/results/ladder/14_safe_soft_vote_blend.json,external_playbook,mushroom,14,soft_vote_blend,soft_vote_blend,ensemble,safe,soft_probability_blend,completed,True,False,59,6499,1625,1.0,1.0,1.0,1.0,1.0,1.0,1.525,1.605,0.5,2026-09-16 14:00:52,,Soft-vote blend ET+LGBM+XGB (HyperAck exp 15 / optimized safe champion style).,,False
e741de0bdb59afd8,c7bc7b1d2f0912d021e536f4d87b584ae7d8ad3dda4703dbb9e48c3d5f9ff8ef,external_projects/mushroom_exp/results/ladder/15_safe_leakage_honesty_check.json,external_playbook,mushroom,15,leakage_honesty_check,lightgbm,lightgbm,safe,none,completed,True,False,59,6499,1625,1.0,1.0,1.0,1.0,1.0,1.0,1.046,1.056,0.5,2026-09-16 14:00:54,,Honesty marker: LightGBM on full FE under this mode. Compare safe vs unsafe of this id to measure leakage cost.,,False
cc4611f5b3bac345,094a61ad80ae525b8cee6717426d849191bf8f0bb7a76997091d2b9ca31a4694,external_projects/mushroom_exp/results/ladder/02_safe_baseline_lightgbm.json,external_playbook,mushroom,2,baseline_lightgbm,lightgbm,lightgbm,safe,none,completed,True,False,22,6499,1625,1.0,1.0,1.0,1.0,1.0,1.0,0.383,0.391,0.5,2026-09-16 13:59:57,,Strong GBDT baseline on raw features (HyperAck exp 02).,,False
22b73f2471f36abd,852478b0d0dbd196f83ad52b40d5349013dfeb3ff505ce834915c78e61314feb,external_projects/mushroom_exp/results/ladder/03_safe_fe_log_transforms.json,external_playbook,mushroom,3,fe_log_transforms,lightgbm,lightgbm,safe,none,completed,True,False,31,6499,1625,1.0,1.0,1.0,1.0,1.0,1.0,0.32,0.328,0.5,2026-09-16 13:59:58,,Add log1p transforms for skewed non-negative columns.,,False
220bd0a4c64cd3e5,b76aeed9f3758387ccd753c197fb01922a19b1aa6890dcd7397c3e3eac780190,external_projects/mushroom_exp/results/ladder/04_safe_fe_ratios.json,external_playbook,mushroom,4,fe_ratios,lightgbm,lightgbm,safe,none,completed,True,False,46,6499,1625,1.0,1.0,1.0,1.0,1.0,1.0,0.456,0.465,0.5,2026-09-16 13:59:59,,Add pairwise intensity ratios among high-variance features.,,False
1727ff79630f0b34,2fd274ff248ece436acfd643cecd2afa28a2511874c3bf646d841f0e591e758f,external_projects/mushroom_exp/results/ladder/05_safe_fe_interactions.json,external_playbook,mushroom,5,fe_interactions,lightgbm,lightgbm,safe,none,completed,True,False,54,6499,1625,1.0,1.0,1.0,1.0,1.0,1.0,0.445,0.453,0.5,2026-09-16 14:00:00,,Multiplicative interactions among top-MI features.,,False
0b83e88a6f22df00,59c69dcd5a35aa6ee7bff0cd60030231f5e49529b38e32f545776fff2face8d3,external_projects/mushroom_exp/results/ladder/06_safe_fe_full_clusters_bins.json,external_playbook,mushroom,6,fe_full_clusters_bins,lightgbm,lightgbm,safe,none,completed,True,False,59,6499,1625,1.0,1.0,1.0,1.0,1.0,1.0,0.44,0.447,0.5,2026-09-16 14:00:02,,Full FE: logs+ratios+interactions+KMeans clusters+quantile bins (train-fit).,,False
65d937ba70284225,b0b85296af56c3548172863867d09a3e268eca8249dc393a0414b0fa9b451a39,external_projects/mushroom_exp/results/ladder/07_safe_feature_selection_mi.json,external_playbook,mushroom,7,feature_selection_mi,lightgbm,lightgbm,safe,mutual_info_selection,completed,True,False,25,6499,1625,1.0,1.0,1.0,1.0,1.0,1.0,0.396,0.402,0.5,2026-09-16 14:00:04,,Keep top-MI subset of full FE matrix (HyperAck exp 07).,,False
b776d9ad653b627b,eddff85ae78b86b535fb984cfb13b59c2b63c8974fe0366806c567e9a2f0b63f,external_projects/mushroom_exp/results/ladder/08_safe_tuned_xgboost.json,external_playbook,mushroom,8,tuned_xgboost,xgboost,xgboost,safe,RandomizedSearchCV_roc_auc,completed,True,False,59,6499,1625,1.0,1.0,1.0,1.0,1.0,1.0,4.227,4.241,0.5,2026-09-16 14:00:09,,RandomizedSearchCV on XGBoost over full FE (HyperAck exp 08).,,False
1b2c26a20c8b738d,9ffead7d936c29afd8821b2518510109f8a05e109d26728f2bad59b56abd2ab8,external_projects/mushroom_exp/results/ladder/09_safe_tuned_lightgbm.json,external_playbook,mushroom,9,tuned_lightgbm,lightgbm,lightgbm,safe,RandomizedSearchCV_roc_auc,completed,True,False,59,6499,1625,0.9999999999999999,1.0,1.0,1.0,1.0,1.0,23.626,23.643,0.5,2026-09-16 14:00:34,,RandomizedSearchCV on LightGBM over full FE (HyperAck exp 09).,,False
282d430f77946c13,d27c26325da155f698f44623bca7c8dc8f04e8f59370af023cb267b19dbb00ac,external_projects/mushroom_exp/results/ladder/01_unsafe_baseline_logistic.json,external_playbook,mushroom,1,baseline_logistic,logistic_regression,logistic_regression,unsafe,none,completed,True,False,22,6499,1625,0.9995919828420443,0.9995662599762437,0.9876923076923076,0.9935316946959897,0.9808429118773946,0.987146529562982,0.017,0.021,0.5,2026-09-16 14:00:55,,Floor: logistic regression on raw features.,,False
86d2ddc781d2d575,afac61f84366e381be85008644efdc1927f7622be3fddc5f8a1b7d630f669a7d,external_projects/mushroom_exp/results/ladder/10_unsafe_hist_gradient_boosting.json,external_playbook,mushroom,10,hist_gradient_boosting,hist_gradient_boosting,hist_gradient_boosting,unsafe,none,completed,True,False,59,6499,1625,1.0,1.0,1.0,1.0,1.0,1.0,0.353,0.365,0.5,2026-09-16 14:01:31,,Sklearn HistGB on full FE (HyperAck exp 10).,,False
2260a3048fca3fe5,1ecb4737444ee3e8382815f5fa4545b9d0e0d57ad8e5e95f4f1d9c4844cf6ab8,external_projects/mushroom_exp/results/ladder/11_unsafe_extra_trees_strong.json,external_playbook,mushroom,11,extra_trees_strong,extra_trees,extra_trees,unsafe,hand_tuned,completed,True,False,59,6499,1625,1.0,1.0,1.0,1.0,1.0,1.0,0.471,0.527,0.5,2026-09-16 14:01:33,,"Strong ExtraTrees (n=600, depth=14) on full FE.",,False
c9d48911ed4bfef5,6947a9bd033232c7e5a17e431392d3daa57b6e4da833667bd73c7f504f4b8d8d,external_projects/mushroom_exp/results/ladder/12_unsafe_calibrated_lgbm_threshold.json,external_playbook,mushroom,12,calibrated_lgbm_threshold,lightgbm,lightgbm,unsafe,isotonic_calibration,completed,True,False,59,6499,1625,1.0,1.0,1.0,1.0,1.0,1.0,2.744,2.766,0.5,2026-09-16 14:01:37,,Isotonic-calibrated LightGBM; threshold kept at 0.5 for ranking metrics.,,False
780b2e19a07b2a48,7ff043f7c0fbd21324be96b243e580d5d1cf66526c5479391436e818f25e64f5,external_projects/mushroom_exp/results/ladder/13_unsafe_stacking_ensemble.json,external_playbook,mushroom,13,stacking_ensemble,stacking_ensemble,ensemble,unsafe,oof_stacking,completed,True,False,59,6499,1625,1.0,1.0,1.0,1.0,1.0,1.0,4.847,4.949,0.5,2026-09-16 14:01:43,,ET+LGBM+XGB stacked with logistic meta-learner (HyperAck exp 13).,,False
8b2a3367e0424e80,83b837c99197c97d814b02d1424d8eef5a2a238472a8697139ea6ebad363c313,external_projects/mushroom_exp/results/ladder/14_unsafe_soft_vote_blend.json,external_playbook,mushroom,14,soft_vote_blend,soft_vote_blend,ensemble,unsafe,soft_probability_blend,completed,True,False,59,6499,1625,1.0,1.0,1.0,1.0,1.0,1.0,1.554,1.638,0.5,2026-09-16 14:01:46,,Soft-vote blend ET+LGBM+XGB (HyperAck exp 15 / optimized safe champion style).,,False
e65337c961e80de2,5adf1aea687a46056cec38379d557cf79ef75505f7f6b66646097455e9b1f93d,external_projects/mushroom_exp/results/ladder/15_unsafe_leakage_honesty_check.json,external_playbook,mushroom,15,leakage_honesty_check,lightgbm,lightgbm,unsafe,none,completed,True,False,59,6499,1625,1.0,1.0,1.0,1.0,1.0,1.0,1.161,1.18,0.5,2026-09-16 14:01:49,,Honesty marker: LightGBM on full FE under this mode. Compare safe vs unsafe of this id to measure leakage cost.,,False
2dcb1bdefb691933,bf939c13c379bb488bd5d8ca45143a97319d91a05e3044dc9dbed56ec87f4dd3,external_projects/mushroom_exp/results/ladder/02_unsafe_baseline_lightgbm.json,external_playbook,mushroom,2,baseline_lightgbm,lightgbm,lightgbm,unsafe,none,completed,True,False,22,6499,1625,1.0,1.0,1.0,1.0,1.0,1.0,0.323,0.329,0.5,2026-09-16 14:00:55,,Strong GBDT baseline on raw features (HyperAck exp 02).,,False
4ed61bcc7c180166,ade961302f01b34f6aa3c41eca107d3c959f33e855f4268f5c3ea1b53b18fdda,external_projects/mushroom_exp/results/ladder/03_unsafe_fe_log_transforms.json,external_playbook,mushroom,3,fe_log_transforms,lightgbm,lightgbm,unsafe,none,completed,True,False,31,6499,1625,1.0,1.0,1.0,1.0,1.0,1.0,0.358,0.366,0.5,2026-09-16 14:00:56,,Add log1p transforms for skewed non-negative columns.,,False
87d609b37281de25,93e5388b4c863ff1555dbc71fabe0a4c7624a4c2690301882ac2548e3c70ebed,external_projects/mushroom_exp/results/ladder/04_unsafe_fe_ratios.json,external_playbook,mushroom,4,fe_ratios,lightgbm,lightgbm,unsafe,none,completed,True,False,46,6499,1625,1.0,1.0,1.0,1.0,1.0,1.0,0.482,0.49,0.5,2026-09-16 14:00:57,,Add pairwise intensity ratios among high-variance features.,,False
08e5352fd219f45f,87f63d3ad6662734ef2e0733151da59e1d74c3cab4ecfa433b5beb2d0c09290a,external_projects/mushroom_exp/results/ladder/05_unsafe_fe_interactions.json,external_playbook,mushroom,5,fe_interactions,lightgbm,lightgbm,unsafe,none,completed,True,False,54,6499,1625,1.0,1.0,1.0,1.0,1.0,1.0,0.433,0.441,0.5,2026-09-16 14:00:58,,Multiplicative interactions among top-MI features.,,False
5538b0686b9bc529,e8e782b1c6b8ecb34a8433bdc4b9540e4c811ebf19cb05cd7aaf7bd9505c12ff,external_projects/mushroom_exp/results/ladder/06_unsafe_fe_full_clusters_bins.json,external_playbook,mushroom,6,fe_full_clusters_bins,lightgbm,lightgbm,unsafe,none,completed,True,False,59,6499,1625,1.0,1.0,1.0,1.0,1.0,1.0,0.448,0.456,0.5,2026-09-16 14:01:00,,Full FE: logs+ratios+interactions+KMeans clusters+quantile bins (train-fit).,,False
b288a26d614cfbfb,88e0ded5eb84db02efaf2f192a3add87354fb394aa7e4e387550605da315fe3c,external_projects/mushroom_exp/results/ladder/07_unsafe_feature_selection_mi.json,external_playbook,mushroom,7,feature_selection_mi,lightgbm,lightgbm,unsafe,mutual_info_selection,completed,True,False,25,6499,1625,1.0,1.0,1.0,1.0,1.0,1.0,0.37,0.376,0.5,2026-09-16 14:01:02,,Keep top-MI subset of full FE matrix (HyperAck exp 07).,,False
ddbe425040b16b5d,fa27e1a09aba68db146428a939e43d886cec69c660ab70d2b684cc4d609ddc0e,external_projects/mushroom_exp/results/ladder/08_unsafe_tuned_xgboost.json,external_playbook,mushroom,8,tuned_xgboost,xgboost,xgboost,unsafe,RandomizedSearchCV_roc_auc,completed,True,False,59,6499,1625,1.0,1.0,1.0,1.0,1.0,1.0,3.282,3.291,0.5,2026-09-16 14:01:06,,RandomizedSearchCV on XGBoost over full FE (HyperAck exp 08).,,False
d05f89e39e5b5d36,6ad73da59a43782ba5d44653217a76e569ac93c4c4d622d5a82ae28aad4d7ebe,external_projects/mushroom_exp/results/ladder/09_unsafe_tuned_lightgbm.json,external_playbook,mushroom,9,tuned_lightgbm,lightgbm,lightgbm,unsafe,RandomizedSearchCV_roc_auc,completed,True,False,59,6499,1625,0.9999999999999999,1.0,1.0,1.0,1.0,1.0,21.53,21.549,0.5,2026-09-16 14:01:29,,RandomizedSearchCV on LightGBM over full FE (HyperAck exp 09).,,False
83bdf31ad218569f,73c13306519f01de820d700fba996438d0e8f1ba8985a34f7cc95ba257b02666,general_pipeline/results_external/online_shoppers__baseline__catboost.json,external_benchmark,online_shoppers,online_shoppers__baseline__catboost,catboost,catboost,catboost,external,baseline,completed,False,True,17,9864,2466,0.9280958888967048,0.7393829513565758,0.8957826439578265,0.7009646302250804,0.5706806282722513,0.6291486291486291,1.995,2.021,0.5,2026-09-16 12:42:03,,,,False
0b80890644bf8605,66a7b8bf6513157d75efa884be168a573b1a19e223f20fa60ec72d89e4273754,general_pipeline/results_external/online_shoppers__baseline__extra_trees.json,external_benchmark,online_shoppers,online_shoppers__baseline__extra_trees,extra_trees,extra_trees,extra_trees,external,baseline,completed,False,True,17,9864,2466,0.9109382379837405,0.709363246168973,0.8933495539334956,0.7370517928286853,0.48429319371727747,0.584518167456556,1.125,1.215,0.5,2026-09-16 12:41:59,,,,False
95fcd9e7aefa6536,4dadb9eb71e0eddedc70899dd0159598f473fb75104c699493f78fe101fb87bd,general_pipeline/results_external/online_shoppers__baseline__hist_gradient_boosting.json,external_benchmark,online_shoppers,online_shoppers__baseline__hist_gradient_boosting,hist_gradient_boosting,hist_gradient_boosting,hist_gradient_boosting,external,baseline,completed,False,True,17,9864,2466,0.9293658490016179,0.7349088876856904,0.9014598540145985,0.7206349206349206,0.5942408376963351,0.6513629842180775,0.972,1.02,0.5,2026-09-16 12:42:00,,,,False
2835b44cf01b9f53,beada4bfa0c989e50b57170b08ae80964282f49ed8a44759332d1854c7caee86,general_pipeline/results_external/online_shoppers__baseline__lightgbm.json,external_benchmark,online_shoppers,online_shoppers__baseline__lightgbm,lightgbm,lightgbm,lightgbm,external,baseline,completed,False,True,17,9864,2466,0.926445317603079,0.7347117255306435,0.8965936739659367,0.7028753993610224,0.5759162303664922,0.6330935251798561,1.06,1.083,0.5,2026-09-16 12:42:01,,,,False
c9e8bba8e6f4001f,72834c2314f979e66d3df7d96dd2cf73791de4a20613dc963450b82705b33a3f,general_pipeline/results_external/online_shoppers__baseline__logistic_regression.json,external_benchmark,online_shoppers,online_shoppers__baseline__logistic_regression,logistic_regression,logistic_regression,logistic_regression,external,baseline,completed,False,True,17,9864,2466,0.8671616705690829,0.6019641342499604,0.8759124087591241,0.7159090909090909,0.3298429319371728,0.45161290322580644,0.056,0.065,0.5,2026-09-16 12:41:55,,,,False
353001b9deacd29b,86bbaf43edf8acfe03640b2a61c467c966915547e8e3da259843fdb2e7a6e229,general_pipeline/results_external/online_shoppers__baseline__random_forest.json,external_benchmark,online_shoppers,online_shoppers__baseline__random_forest,random_forest,random_forest,random_forest,external,baseline,completed,False,True,17,9864,2466,0.9205489845343731,0.7248864678128684,0.9034874290348743,0.74,0.581151832460733,0.6510263929618768,1.852,2.02,0.5,2026-09-16 12:41:57,,,,False
09d03b94737e4d3a,7217b7d94f0d96142d96fbff51a04ba1d48d378d2e464178d08ff5305ec4fd84,general_pipeline/results_external/online_shoppers__baseline__xgboost.json,external_benchmark,online_shoppers,online_shoppers__baseline__xgboost,xgboost,xgboost,xgboost,external,baseline,completed,False,True,17,9864,2466,0.9200540643747929,0.7110144830451818,0.8933495539334956,0.6842105263157895,0.5785340314136126,0.6269503546099291,0.186,0.195,0.5,2026-09-16 12:42:01,,,,False
78463c620fbb9487,e415abde039991255d02eb3845f2193e83b17e8ae87f87082184da45c41181c2,general_pipeline/results_external/online_shoppers__optimized__catboost.json,external_benchmark,online_shoppers,online_shoppers__optimized__catboost,catboost,catboost,catboost,external,optimized,completed,False,True,17,9864,2466,0.9281184994623709,0.7392823365899932,0.8982157339821574,0.717607973421927,0.5654450261780105,0.6325036603221084,3.563,3.586,0.5,2026-09-16 12:42:17,,,,False
a31e3566140f2897,1c04c3c07f7e3314442629dc2b9f11689fa639bcc7359b53cfe2793577303367,general_pipeline/results_external/online_shoppers__optimized__extra_trees.json,external_benchmark,online_shoppers,online_shoppers__optimized__extra_trees,extra_trees,extra_trees,extra_trees,external,optimized,completed,False,True,17,9864,2466,0.908914592356624,0.6924739193057037,0.8864557988645579,0.875,0.31151832460732987,0.4594594594594595,1.403,1.616,0.5,2026-09-16 12:42:08,,,,False
581f664173e216a9,890304e0cd2b99838200c5750a819be366e512345bb8d09c4dc16ee697098024,general_pipeline/results_external/online_shoppers__optimized__hist_gradient_boosting.json,external_benchmark,online_shoppers,online_shoppers__optimized__hist_gradient_boosting,hist_gradient_boosting,hist_gradient_boosting,hist_gradient_boosting,external,optimized,completed,False,True,17,9864,2466,0.9269239079096784,0.7208634261559099,0.8969991889699919,0.7012578616352201,0.5837696335078534,0.6371428571428571,2.576,2.801,0.5,2026-09-16 12:42:11,,,,False
612188e6d3ae4acc,17bd0e93bbda6063141ab521b3a796ff8e572214f6d2543cc28a510779ab0568,general_pipeline/results_external/online_shoppers__optimized__lightgbm.json,external_benchmark,online_shoppers,online_shoppers__optimized__lightgbm,lightgbm,lightgbm,lightgbm,external,optimized,completed,False,True,17,9864,2466,0.9324119946538574,0.75338804356154,0.9063260340632603,0.7427652733118971,0.6047120418848168,0.6666666666666666,1.117,1.139,0.5,2026-09-16 12:42:12,,,,False
3f312bbc72310912,adc26b0f0ddeb8a7cdbcd9ee2ac643176d755fa03494c35e631f7461efe8a39e,general_pipeline/results_external/online_shoppers__optimized__logistic_regression.json,external_benchmark,online_shoppers,online_shoppers__optimized__logistic_regression,logistic_regression,logistic_regression,logistic_regression,external,optimized,completed,False,True,17,9864,2466,0.8672131724131,0.602021484803041,0.8759124087591241,0.7159090909090909,0.3298429319371728,0.45161290322580644,0.39,0.403,0.5,2026-09-16 12:42:03,,,,False
7718692c87144a46,9a6a63334f751138e9cc02056a5dd311064fad619a26dfc72df06f54c5ac5577,general_pipeline/results_external/online_shoppers__optimized__random_forest.json,external_benchmark,online_shoppers,online_shoppers__optimized__random_forest,random_forest,random_forest,random_forest,external,optimized,completed,False,True,17,9864,2466,0.9229381676397584,0.7340880127398587,0.9014598540145985,0.740484429065744,0.5602094240837696,0.6378539493293591,3.042,3.267,0.5,2026-09-16 12:42:07,,,,False
b341301ce2e24882,5fc3acedccc0c06237f04b6f871e55121824bb8d6a0569a873a9b476c7d6efd3,general_pipeline/results_external/online_shoppers__optimized__xgboost.json,external_benchmark,online_shoppers,online_shoppers__optimized__xgboost,xgboost,xgboost,xgboost,external,optimized,completed,False,True,17,9864,2466,0.925999387002442,0.7301740209604072,0.9034874290348743,0.7208588957055214,0.6151832460732984,0.6638418079096046,0.874,0.918,0.5,2026-09-16 12:42:13,,,,False
2bd0666f66a11a97,4dd9c47a0533e376fef41f3a01d92ed5167569c0f9416b719f2180203475fdd1,external_projects/online_shoppers_exp/results/ladder/01_safe_baseline_logistic.json,external_playbook,online_shoppers,1,baseline_logistic,logistic_regression,logistic_regression,safe,none,completed,True,True,16,9864,2466,0.7048429319371727,0.2812299581774913,0.8450932684509327,0.5,0.005235602094240838,0.010362694300518135,0.016,0.02,0.5,2026-09-16 14:05:59,,Floor: logistic regression on raw features.,,False
1e1b1705a73efede,af1ff5120beb9030e71a0ba4c710b7812237902972c4a1c611c05df54690c383,external_projects/online_shoppers_exp/results/ladder/10_safe_hist_gradient_boosting.json,external_playbook,online_shoppers,10,hist_gradient_boosting,hist_gradient_boosting,hist_gradient_boosting,safe,none,completed,True,True,59,9864,2466,0.7696284832832552,0.3478081406215147,0.8450932684509327,0.5,0.1256544502617801,0.200836820083682,0.563,0.58,0.5,2026-09-16 14:07:34,,Sklearn HistGB on full FE (HyperAck exp 10).,,False
da494983f58775fe,a3beb2e805902238c6dfafa38e5f387e54f4ac647bed8c73e0aab94979540442,external_projects/online_shoppers_exp/results/ladder/11_safe_extra_trees_strong.json,external_playbook,online_shoppers,11,extra_trees_strong,extra_trees,extra_trees,safe,hand_tuned,completed,True,True,59,9864,2466,0.7532044196119022,0.32928408197827824,0.8434712084347121,0.3333333333333333,0.010471204188481676,0.02030456852791878,0.918,0.999,0.5,2026-09-16 14:07:37,,"Strong ExtraTrees (n=600, depth=14) on full FE.",,False
1772546aea91596d,2d7fca6a8cba2cc71018906d7f2418cb4d2161714a18b267f1503fc573999f7b,external_projects/online_shoppers_exp/results/ladder/12_safe_calibrated_lgbm_threshold.json,external_playbook,online_shoppers,12,calibrated_lgbm_threshold,lightgbm,lightgbm,safe,isotonic_calibration,completed,True,True,59,9864,2466,0.76475967480982,0.35305048939840555,0.8438767234387672,0.2857142857142857,0.005235602094240838,0.010282776349614395,5.05,5.098,0.5,2026-09-16 14:07:44,,Isotonic-calibrated LightGBM; threshold kept at 0.5 for ranking metrics.,,False
a508868fe082bb78,62fdeb488a7f30e659ce3c2cf42addc5f888c711f94bc2e56d8efb49c2e50d36,external_projects/online_shoppers_exp/results/ladder/13_safe_stacking_ensemble.json,external_playbook,online_shoppers,13,stacking_ensemble,stacking_ensemble,ensemble,safe,oof_stacking,completed,True,True,59,9864,2466,0.7712112228798826,0.35484111520405526,0.843065693430657,0.47706422018348627,0.13612565445026178,0.21181262729124237,14.374,14.528,0.5,2026-09-16 14:08:01,,ET+LGBM+XGB stacked with logistic meta-learner (HyperAck exp 13).,,False
284f70781bdc8048,43e5c33bc23f53fbdbcf1329174fa28b2b7262c42e38adb1349e1b5bd7d7f08a,external_projects/online_shoppers_exp/results/ladder/14_safe_soft_vote_blend.json,external_playbook,online_shoppers,14,soft_vote_blend,soft_vote_blend,ensemble,safe,soft_probability_blend,completed,True,True,59,9864,2466,0.7734722794464933,0.3565622769884714,0.8446877534468775,0.48717948717948717,0.049738219895287955,0.09026128266033254,4.449,4.574,0.5,2026-09-16 14:08:08,,Soft-vote blend ET+LGBM+XGB (HyperAck exp 15 / optimized safe champion style).,,False
97e163e632b6131e,f537b182e4ebdeacec2676d82ef4021acf833e06c6508ff39f46bfaeb4ad7af6,external_projects/online_shoppers_exp/results/ladder/15_safe_leakage_honesty_check.json,external_playbook,online_shoppers,15,leakage_honesty_check,lightgbm,lightgbm,safe,none,completed,True,True,59,9864,2466,0.7714021565455076,0.35658814130710187,0.8475263584752636,0.5416666666666666,0.10209424083769633,0.17180616740088106,1.456,1.474,0.5,2026-09-16 14:08:11,,Honesty marker: LightGBM on full FE under this mode. Compare safe vs unsafe of this id to measure leakage cost.,,False
b991e572ebff5e91,ac71a5046cd5e3768badb0bae89ce7037e200cf617f6d181d3d2462b7df79cee,external_projects/online_shoppers_exp/results/ladder/02_safe_baseline_lightgbm.json,external_playbook,online_shoppers,2,baseline_lightgbm,lightgbm,lightgbm,safe,none,completed,True,True,16,9864,2466,0.7674566128367719,0.3612432898644423,0.8471208434712084,0.5287356321839081,0.12041884816753927,0.19616204690831557,0.53,0.541,0.5,2026-09-16 14:06:00,,Strong GBDT baseline on raw features (HyperAck exp 02).,,False
3a608b8153195dc7,3d66dbdbc46c8e99819cce853e17bda24cefb514318362f64a96491976c0e180,external_projects/online_shoppers_exp/results/ladder/03_safe_fe_log_transforms.json,external_playbook,online_shoppers,3,fe_log_transforms,lightgbm,lightgbm,safe,none,completed,True,True,31,9864,2466,0.7674566128367719,0.3612432898644423,0.8471208434712084,0.5287356321839081,0.12041884816753927,0.19616204690831557,0.547,0.558,0.5,2026-09-16 14:06:01,,Add log1p transforms for skewed non-negative columns.,,False
94628f878a34f155,29273d7f5b4aca4f3a7591bd816759e69332d6383aea102407d06a112af92ab7,external_projects/online_shoppers_exp/results/ladder/04_safe_fe_ratios.json,external_playbook,online_shoppers,4,fe_ratios,lightgbm,lightgbm,safe,none,completed,True,True,46,9864,2466,0.7611985107174082,0.33236155350056296,0.8406326034063261,0.43820224719101125,0.10209424083769633,0.16560509554140126,0.571,0.581,0.5,2026-09-16 14:06:03,,Add pairwise intensity ratios among high-variance features.,,False
8018388f250be5fb,04df9b18240c604c31123178a9fd3a65d4c7f06cfdc92d6a19df37908122d7f3,external_projects/online_shoppers_exp/results/ladder/05_safe_fe_interactions.json,external_playbook,online_shoppers,5,fe_interactions,lightgbm,lightgbm,safe,none,completed,True,True,54,9864,2466,0.7687378782245178,0.3537060968542774,0.8418491484184915,0.46078431372549017,0.12303664921465969,0.19421487603305784,0.6,0.611,0.5,2026-09-16 14:06:04,,Multiplicative interactions among top-MI features.,,False
afd5b5550bb61db9,3047b34175747dff9bc2d7f5272dfb201c7bb2adc1b5fbe9e438386111c47fe3,external_projects/online_shoppers_exp/results/ladder/06_safe_fe_full_clusters_bins.json,external_playbook,online_shoppers,6,fe_full_clusters_bins,lightgbm,lightgbm,safe,none,completed,True,True,59,9864,2466,0.7674855041151228,0.3479169078966717,0.8418491484184915,0.4574468085106383,0.112565445026178,0.18067226890756302,0.636,0.648,0.5,2026-09-16 14:06:07,,Full FE: logs+ratios+interactions+KMeans clusters+quantile bins (train-fit).,,False
a50054411d321187,afcbb41345f35a5c702523d8d563f33107f8cf980362d68e28c9372fc25027ba,external_projects/online_shoppers_exp/results/ladder/07_safe_feature_selection_mi.json,external_playbook,online_shoppers,7,feature_selection_mi,lightgbm,lightgbm,safe,mutual_info_selection,completed,True,True,25,9864,2466,0.7250216056516365,0.2744460143489488,0.8329278183292782,0.21153846153846154,0.028795811518324606,0.05069124423963134,0.471,0.479,0.5,2026-09-16 14:06:09,,Keep top-MI subset of full FE matrix (HyperAck exp 07).,,False
e5f976de0814e367,6b8d074daf147936944c8342996a357be5c3467cb752d7da5a97b394f64acc66,external_projects/online_shoppers_exp/results/ladder/08_safe_tuned_xgboost.json,external_playbook,online_shoppers,8,tuned_xgboost,xgboost,xgboost,safe,RandomizedSearchCV_roc_auc,completed,True,True,59,9864,2466,0.7736581885419702,0.3556648809115591,0.8471208434712084,0.5531914893617021,0.06806282722513089,0.12121212121212122,15.409,15.423,0.5,2026-09-16 14:06:27,,RandomizedSearchCV on XGBoost over full FE (HyperAck exp 08).,,False
54f8da332e05e2de,71a67370117334fbccd53938d2963a9603d5788f9745c670f0a18ea7085eb96b,external_projects/online_shoppers_exp/results/ladder/09_safe_tuned_lightgbm.json,external_playbook,online_shoppers,9,tuned_lightgbm,lightgbm,lightgbm,safe,RandomizedSearchCV_roc_auc,completed,True,True,59,9864,2466,0.7718845152797178,0.36253996426727503,0.8467153284671532,0.5416666666666666,0.06806282722513089,0.12093023255813953,62.648,62.662,0.5,2026-09-16 14:07:32,,RandomizedSearchCV on LightGBM over full FE (HyperAck exp 09).,,False
d54f9fe7c10f1937,0404dd6c1bd72852f3232233b0f41758112ebf39addf5262c317fe5b2f5e7e19,external_projects/online_shoppers_exp/results/ladder/01_unsafe_baseline_logistic.json,external_playbook,online_shoppers,1,baseline_logistic,logistic_regression,logistic_regression,unsafe,none,completed,False,True,17,9864,2466,0.8671616705690829,0.6019641342499604,0.8759124087591241,0.7159090909090909,0.3298429319371728,0.45161290322580644,0.018,0.023,0.5,2026-09-16 14:08:11,,Floor: logistic regression on raw features.,,False
f5e043defc97569f,e7688d1662833a5536dcfe414cd7d72d8515197413108725b8e6d94aa4bd2fdf,external_projects/online_shoppers_exp/results/ladder/10_unsafe_hist_gradient_boosting.json,external_playbook,online_shoppers,10,hist_gradient_boosting,hist_gradient_boosting,hist_gradient_boosting,unsafe,none,completed,False,True,61,9864,2466,0.9258863341741115,0.7154035073033761,0.8921330089213301,0.6946308724832215,0.5418848167539267,0.6088235294117647,0.646,0.662,0.5,2026-09-16 14:09:47,,Sklearn HistGB on full FE (HyperAck exp 10).,,False
8628428edd8ce77f,032b21090b4f567109909942c9493deb9953c2b1a47881e289ca94193fc6e6ab,external_projects/online_shoppers_exp/results/ladder/11_unsafe_extra_trees_strong.json,external_playbook,online_shoppers,11,extra_trees_strong,extra_trees,extra_trees,unsafe,hand_tuned,completed,False,True,61,9864,2466,0.9213001577715026,0.7328044861949246,0.8937550689375506,0.7027027027027027,0.5445026178010471,0.6135693215339233,0.959,1.04,0.5,2026-09-16 14:09:50,,"Strong ExtraTrees (n=600, depth=14) on full FE.",,False
b330a35cff3c06f0,91150edabb0beb34bfc1829a25ed2e635cf2a4a964991d1413d8d53a92f953f5,external_projects/online_shoppers_exp/results/ladder/12_unsafe_calibrated_lgbm_threshold.json,external_playbook,online_shoppers,12,calibrated_lgbm_threshold,lightgbm,lightgbm,unsafe,isotonic_calibration,completed,False,True,61,9864,2466,0.9265589985026781,0.7194275073395495,0.8965936739659367,0.7228070175438597,0.5392670157068062,0.6176911544227887,4.812,4.882,0.5,2026-09-16 14:09:57,,Isotonic-calibrated LightGBM; threshold kept at 0.5 for ranking metrics.,,False
c0d3835148102e78,3321e8c6e3338411918c205440624f3c8cfbf425d3a6351946856816ba47b5db,external_projects/online_shoppers_exp/results/ladder/13_unsafe_stacking_ensemble.json,external_playbook,online_shoppers,13,stacking_ensemble,stacking_ensemble,ensemble,unsafe,oof_stacking,completed,False,True,61,9864,2466,0.9285506124951011,0.7421486008577193,0.8969991889699919,0.7222222222222222,0.5445026178010471,0.6208955223880597,11.578,11.718,0.5,2026-09-16 14:10:10,,ET+LGBM+XGB stacked with logistic meta-learner (HyperAck exp 13).,,False
3c8cb40f9ca6c992,044699fe4b5e788d8fc44ac0f3ec3ff5ab7c1cb8e9947f382c6e96b2e4393159,external_projects/online_shoppers_exp/results/ladder/14_unsafe_soft_vote_blend.json,external_playbook,online_shoppers,14,soft_vote_blend,soft_vote_blend,ensemble,unsafe,soft_probability_blend,completed,False,True,61,9864,2466,0.9292565646008983,0.7412690971103237,0.8949716139497161,0.7029702970297029,0.5575916230366492,0.621897810218978,3.949,4.059,0.5,2026-09-16 14:10:17,,Soft-vote blend ET+LGBM+XGB (HyperAck exp 15 / optimized safe champion style).,,False
b420dbaf8e32c188,1ae7772365ab83c7a225e347523c00cfb93e20202c41fbcd98035411be896626,external_projects/online_shoppers_exp/results/ladder/15_unsafe_leakage_honesty_check.json,external_playbook,online_shoppers,15,leakage_honesty_check,lightgbm,lightgbm,unsafe,none,completed,False,True,61,9864,2466,0.9303983981670367,0.7321570684155881,0.8982157339821574,0.7066246056782335,0.5863874345549738,0.6409155937052933,1.604,1.62,0.5,2026-09-16 14:10:20,,Honesty marker: LightGBM on full FE under this mode. Compare safe vs unsafe of this id to measure leakage cost.,,False
f0724a7f0aab76e3,e05ff4a3eddea66475be0dc96f6689c25b094f56bccafd586f8ec14dc4a22a79,external_projects/online_shoppers_exp/results/ladder/02_unsafe_baseline_lightgbm.json,external_playbook,online_shoppers,2,baseline_lightgbm,lightgbm,lightgbm,unsafe,none,completed,False,True,17,9864,2466,0.926445317603079,0.7347117255306435,0.8965936739659367,0.7028753993610224,0.5759162303664922,0.6330935251798561,0.512,0.522,0.5,2026-09-16 14:08:12,,Strong GBDT baseline on raw features (HyperAck exp 02).,,False
5d226238f0d9103b,2d8ce249c88e9ea74bd8ae7ccc44c46e8f6fa5deccd725746fd8a3182b4c52e4,external_projects/online_shoppers_exp/results/ladder/03_unsafe_fe_log_transforms.json,external_playbook,online_shoppers,3,fe_log_transforms,lightgbm,lightgbm,unsafe,none,completed,False,True,33,9864,2466,0.926445317603079,0.7347117255306435,0.8965936739659367,0.7028753993610224,0.5759162303664922,0.6330935251798561,0.542,0.551,0.5,2026-09-16 14:08:13,,Add log1p transforms for skewed non-negative columns.,,False
76c9389b9c1535f8,e7605c0f8e54c27515e99d3dac24913a56c8d74ad910801e142febaf6a842b96,external_projects/online_shoppers_exp/results/ladder/04_unsafe_fe_ratios.json,external_playbook,online_shoppers,4,fe_ratios,lightgbm,lightgbm,unsafe,none,completed,False,True,48,9864,2466,0.9278006954005084,0.7280325690313981,0.9002433090024331,0.717948717948718,0.5863874345549738,0.6455331412103746,0.571,0.58,0.5,2026-09-16 14:08:15,,Add pairwise intensity ratios among high-variance features.,,False
447b04066adf65cb,c6d3b7b1dac8fbba1480dd76f90853843792ebdffeb9a3bf33bc8683c9c5b66e,external_projects/online_shoppers_exp/results/ladder/05_unsafe_fe_interactions.json,external_playbook,online_shoppers,5,fe_interactions,lightgbm,lightgbm,unsafe,none,completed,False,True,56,9864,2466,0.9257142426465415,0.7142826437963347,0.894566098945661,0.6918238993710691,0.5759162303664922,0.6285714285714286,0.59,0.6,0.5,2026-09-16 14:08:17,,Multiplicative interactions among top-MI features.,,False
011f09a651c7f748,18ecec4b2bfe918691a30f642316c144fe57634c8149bb6872115f000a7f73d2,external_projects/online_shoppers_exp/results/ladder/06_unsafe_fe_full_clusters_bins.json,external_playbook,online_shoppers,6,fe_full_clusters_bins,lightgbm,lightgbm,unsafe,none,completed,False,True,61,9864,2466,0.9263159349217674,0.7149457797000073,0.8953771289537713,0.697452229299363,0.5732984293193717,0.6293103448275862,0.664,0.675,0.5,2026-09-16 14:08:19,,Full FE: logs+ratios+interactions+KMeans clusters+quantile bins (train-fit).,,False
d0b8fd9da98dffa2,3b3f39b3455c8adb439b4e1bca1df56fa8945f5e44caafe4676135bfa52f22a6,external_projects/online_shoppers_exp/results/ladder/07_unsafe_feature_selection_mi.json,external_playbook,online_shoppers,7,feature_selection_mi,lightgbm,lightgbm,unsafe,mutual_info_selection,completed,False,True,25,9864,2466,0.8845561043502728,0.6618863030025774,0.8828061638280617,0.6504854368932039,0.5261780104712042,0.5817655571635311,0.533,0.543,0.5,2026-09-16 14:08:22,,Keep top-MI subset of full FE matrix (HyperAck exp 07).,,False
722144e7883ce849,9c6121bdcf7cf6ff27e484989ab223fd1167a68437aad51606354c3c68080cdf,external_projects/online_shoppers_exp/results/ladder/08_unsafe_tuned_xgboost.json,external_playbook,online_shoppers,8,tuned_xgboost,xgboost,xgboost,unsafe,RandomizedSearchCV_roc_auc,completed,False,True,61,9864,2466,0.9299235762880484,0.7427618409671333,0.9038929440389294,0.7392739273927392,0.5863874345549738,0.654014598540146,15.47,15.487,0.5,2026-09-16 14:08:39,,RandomizedSearchCV on XGBoost over full FE (HyperAck exp 08).,,False
cb0094d95d2c1e95,13debba4eacfd89d35ac95d38c0d8b60bfe7597bf9341d2190852886d260c468,external_projects/online_shoppers_exp/results/ladder/09_unsafe_tuned_lightgbm.json,external_playbook,online_shoppers,9,tuned_lightgbm,lightgbm,lightgbm,unsafe,RandomizedSearchCV_roc_auc,completed,False,True,61,9864,2466,0.9311357538362594,0.7421975975550079,0.8998377939983779,0.725752508361204,0.5680628272251309,0.6372980910425844,62.253,62.268,0.5,2026-09-16 14:09:44,,RandomizedSearchCV on LightGBM over full FE (HyperAck exp 09).,,False
2ae09e3bd979306e,2e4f2b3af900075098da065c60041d8bcc57d7010bbd543215001e1aa382c1a1,general_pipeline/results_external/spambase__baseline__catboost.json,external_benchmark,spambase,spambase__baseline__catboost,catboost,catboost,catboost,external,baseline,completed,True,False,57,3680,921,0.986892384253088,0.9787352666298071,0.9511400651465798,0.9416666666666667,0.9338842975206612,0.9377593360995851,1.994,2.026,0.5,2026-09-16 12:42:23,,,,False
4a73483c0f9634ed,ad9e5869ed5a9a3d727cdedfef2f6c1f82f60deed523e427af096ce02567e40a,general_pipeline/results_external/spambase__baseline__extra_trees.json,external_benchmark,spambase,spambase__baseline__extra_trees,extra_trees,extra_trees,extra_trees,external,baseline,completed,True,False,57,3680,921,0.9828465495620922,0.9722428456058233,0.9533116178067318,0.9571428571428572,0.9228650137741047,0.9396914446002805,0.444,0.475,0.5,2026-09-16 12:42:19,,,,False
92a0b6fefc4c1c1c,32bec23853aa5c4b4343c08f1c93624d940c6aec0177404063c8daf691a7b14d,general_pipeline/results_external/spambase__baseline__hist_gradient_boosting.json,external_benchmark,spambase,spambase__baseline__hist_gradient_boosting,hist_gradient_boosting,hist_gradient_boosting,hist_gradient_boosting,external,baseline,completed,True,False,57,3680,921,0.9868825103429208,0.9784051090064467,0.9467969598262758,0.9337016574585635,0.931129476584022,0.9324137931034483,1.02,1.048,0.5,2026-09-16 12:42:20,,,,False
34c695643e2ef49e,89d8b4a80891cb7c88702821450cb79f826bfa1947886be98d617f4308cbc6bb,general_pipeline/results_external/spambase__baseline__lightgbm.json,external_benchmark,spambase,spambase__baseline__lightgbm,lightgbm,lightgbm,lightgbm,external,baseline,completed,True,False,57,3680,921,0.9877662253028822,0.9805840374709937,0.9489685124864278,0.9388888888888889,0.931129476584022,0.9349930843706777,0.898,0.93,0.5,2026-09-16 12:42:21,,,,False
fc74908dbe7b2c4f,48439c7d0fcd4dde51ce97d711fa01a0d1bb4399fdde24001faf05a0a3d8b896,general_pipeline/results_external/spambase__baseline__logistic_regression.json,external_benchmark,spambase,spambase__baseline__logistic_regression,logistic_regression,logistic_regression,logistic_regression,external,baseline,completed,True,False,57,3680,921,0.9701956021604116,0.9506949927513257,0.9294245385450597,0.9209039548022598,0.8980716253443526,0.9093444909344491,0.045,0.051,0.5,2026-09-16 12:42:17,,,,False
f00b57eb4ec14a02,31045c8a8415be749f949559eb42a1e12d2832ce688b6ca2ac0beff7bff1ddd0,general_pipeline/results_external/spambase__baseline__random_forest.json,external_benchmark,spambase,spambase__baseline__random_forest,random_forest,random_forest,random_forest,external,baseline,completed,True,False,57,3680,921,0.9834414526496638,0.9794101379990461,0.9457111834961998,0.9510086455331412,0.9090909090909091,0.9295774647887324,0.868,0.92,0.5,2026-09-16 12:42:18,,,,False
95fe4f9051f943cc,1f8d6d933bb234d9eadf70ab310a0a5d9f7da5b70989b1d25246cd742484d184,general_pipeline/results_external/spambase__baseline__xgboost.json,external_benchmark,spambase,spambase__baseline__xgboost,xgboost,xgboost,xgboost,external,baseline,completed,True,False,57,3680,921,0.9860925975295477,0.9788545599629224,0.9489685124864278,0.93646408839779,0.9338842975206612,0.9351724137931035,0.247,0.255,0.5,2026-09-16 12:42:21,,,,False
d82cc33381e02477,f76db7d34a738ce60d9a548a8a7b7cab7d99c0d721d97b681fc4fd0dbc0db1eb,general_pipeline/results_external/spambase__optimized__catboost.json,external_benchmark,spambase,spambase__optimized__catboost,catboost,catboost,catboost,external,optimized,completed,True,False,57,3680,921,0.987366331941112,0.9795076284535118,0.9500542888165038,0.9366391184573003,0.9366391184573003,0.9366391184573003,2.998,3.053,0.5,2026-09-16 12:42:41,,,,False
b573a9a09d560637,36884672b809c4f8d1a4764c21074cf88eb106fb8b574770049e6603103ab17f,general_pipeline/results_external/spambase__optimized__extra_trees.json,external_benchmark,spambase,spambase__optimized__extra_trees,extra_trees,extra_trees,extra_trees,external,optimized,completed,True,False,57,3680,921,0.972259249385349,0.963513964672783,0.9120521172638436,0.9607843137254902,0.8099173553719008,0.8789237668161435,1.495,1.647,0.5,2026-09-16 12:42:31,,,,False
56eca9122f41e341,d762bb2c5bbe9adfe35064dd622b2155ca4f6d46cf1cd0e04c8f46cb0fd8b57f,general_pipeline/results_external/spambase__optimized__hist_gradient_boosting.json,external_benchmark,spambase,spambase__optimized__hist_gradient_boosting,hist_gradient_boosting,hist_gradient_boosting,hist_gradient_boosting,external,optimized,completed,True,False,57,3680,921,0.9863789409243954,0.9788105577488173,0.9489685124864278,0.9340659340659341,0.9366391184573003,0.9353507565337001,3.989,4.058,0.5,2026-09-16 12:42:35,,,,False
cc50151b367f0f90,34ec5bcdb3716c2d62361e1393294a3ceb7342b222fa6ab1ca5d1e05373b1eb8,general_pipeline/results_external/spambase__optimized__lightgbm.json,external_benchmark,spambase,spambase__optimized__lightgbm,lightgbm,lightgbm,lightgbm,external,optimized,completed,True,False,57,3680,921,0.9864060941773551,0.979854750419312,0.9424538545059717,0.9329608938547486,0.9201101928374655,0.926490984743412,1.503,1.525,0.5,2026-09-16 12:42:37,,,,False
9c3e2a80df2734df,c75f08cd24e323758f3b58afc707bd2c1b2dec523fd0332025df966d63cbcc44,general_pipeline/results_external/spambase__optimized__logistic_regression.json,external_benchmark,spambase,spambase__optimized__logistic_regression,logistic_regression,logistic_regression,logistic_regression,external,optimized,completed,True,False,57,3680,921,0.9704177651391728,0.9508086570150582,0.9294245385450597,0.9209039548022598,0.8980716253443526,0.9093444909344491,3.608,3.673,0.5,2026-09-16 12:42:27,,,,False
ce44047624e900a9,2fb1c95a78e7053779f4301a79b07499edc0be63f006beef50ed401a7dabfdf5,general_pipeline/results_external/spambase__optimized__random_forest.json,external_benchmark,spambase,spambase__optimized__random_forest,random_forest,random_forest,random_forest,external,optimized,completed,True,False,57,3680,921,0.9819554291695054,0.9756560702673147,0.9381107491856677,0.9526627218934911,0.8870523415977961,0.9186875891583453,2.685,2.885,0.5,2026-09-16 12:42:30,,,,False
06c1fcf8ec761d46,b1653653ed72a6f6e64f4be8e82f8c3e7f67b48dceb1159a6baa7a9ced7ea9ea,general_pipeline/results_external/spambase__optimized__xgboost.json,external_benchmark,spambase,spambase__optimized__xgboost,xgboost,xgboost,xgboost,external,optimized,completed,True,False,57,3680,921,0.9869294114162148,0.9792269981184708,0.9457111834961998,0.938375350140056,0.9228650137741047,0.9305555555555556,0.955,0.97,0.5,2026-09-16 12:42:38,,,,False
9314b942b8e61dc2,7f1e43b6a1aa42b6ea3c3a1624b81d038f3f41e7027dc8da59c4e61951d1fe86,external_projects/spambase_exp/results/ladder/01_safe_baseline_logistic.json,external_playbook,spambase,1,baseline_logistic,logistic_regression,logistic_regression,safe,none,completed,True,False,57,3680,921,0.9701956021604116,0.9506949927513257,0.9294245385450597,0.9209039548022598,0.8980716253443526,0.9093444909344491,0.024,0.029,0.5,2026-09-16 14:01:50,,Floor: logistic regression on raw features.,,False
6c50ec42f8615d18,4b1e4a674d76a8f10ebf60983a6e879b0d0ae5dc62cd558fa9d31debcd025094,external_projects/spambase_exp/results/ladder/10_safe_hist_gradient_boosting.json,external_playbook,spambase,10,hist_gradient_boosting,hist_gradient_boosting,hist_gradient_boosting,safe,none,completed,True,False,142,3680,921,0.9856976411228611,0.9760277520389667,0.9467969598262758,0.9313186813186813,0.9338842975206612,0.9325997248968363,0.976,0.989,0.5,2026-09-16 14:03:20,,Sklearn HistGB on full FE (HyperAck exp 10).,,False
5700a7407422d85c,9dcaec47a1c9ffcbc2ced1d0c47d1a6fc31fb4ae122ce45b7e459d9f11f2208b,external_projects/spambase_exp/results/ladder/11_safe_extra_trees_strong.json,external_playbook,spambase,11,extra_trees_strong,extra_trees,extra_trees,safe,hand_tuned,completed,True,False,142,3680,921,0.9779367477314691,0.9712559770019384,0.9348534201954397,0.9577039274924471,0.8732782369146006,0.9135446685878963,0.452,0.509,0.5,2026-09-16 14:03:22,,"Strong ExtraTrees (n=600, depth=14) on full FE.",,False
43ac5c8586d4f769,8a8135b9db88f486fa8fcd40dbb4ce4d8072cfdfa9d696a18bd406aaa01b0ca9,external_projects/spambase_exp/results/ladder/12_safe_calibrated_lgbm_threshold.json,external_playbook,spambase,12,calibrated_lgbm_threshold,lightgbm,lightgbm,safe,isotonic_calibration,completed,True,False,142,3680,921,0.985295279283549,0.977362657232949,0.9500542888165038,0.9342465753424658,0.9393939393939394,0.9368131868131868,5.459,5.489,0.5,2026-09-16 14:03:29,,Isotonic-calibrated LightGBM; threshold kept at 0.5 for ranking metrics.,,False
1b658145b50756fc,d7b7794bffe8798072473357dec05e7220d61af31e3ca014c25dad218c9df956,external_projects/spambase_exp/results/ladder/13_safe_stacking_ensemble.json,external_playbook,spambase,13,stacking_ensemble,stacking_ensemble,ensemble,safe,oof_stacking,completed,True,False,142,3680,921,0.9869220059835896,0.9807290713481015,0.9511400651465798,0.9441340782122905,0.931129476584022,0.9375866851595007,9.316,9.443,0.5,2026-09-16 14:03:41,,ET+LGBM+XGB stacked with logistic meta-learner (HyperAck exp 13).,,False
1223734c90d4f27f,4ff561a3b6deb23ba4750ca3bbe63102e6622c973cfda372aec76ed7cbf3ded2,external_projects/spambase_exp/results/ladder/14_safe_soft_vote_blend.json,external_playbook,spambase,14,soft_vote_blend,soft_vote_blend,ensemble,safe,soft_probability_blend,completed,True,False,142,3680,921,0.9858951193262043,0.9801299843871476,0.9511400651465798,0.9542857142857143,0.9201101928374655,0.9368863955119214,3.893,3.986,0.5,2026-09-16 14:03:47,,Soft-vote blend ET+LGBM+XGB (HyperAck exp 15 / optimized safe champion style).,,False
4fe53c8a28dda4dc,8a6e5c7a442b0993575394d0f76c104060166311dde892afd534135aea0cfd81,external_projects/spambase_exp/results/ladder/15_safe_leakage_honesty_check.json,external_playbook,spambase,15,leakage_honesty_check,lightgbm,lightgbm,safe,none,completed,True,False,142,3680,921,0.98772179270713,0.9806021518572628,0.9489685124864278,0.9388888888888889,0.931129476584022,0.9349930843706777,1.598,1.613,0.5,2026-09-16 14:03:50,,Honesty marker: LightGBM on full FE under this mode. Compare safe vs unsafe of this id to measure leakage cost.,,False
5b002be5ae84b81a,59a399e24aadf5e0f861d8dd804d234b32fd0a2045f8fa5ecd73bf89c5947b4b,external_projects/spambase_exp/results/ladder/02_safe_baseline_lightgbm.json,external_playbook,spambase,2,baseline_lightgbm,lightgbm,lightgbm,safe,none,completed,True,False,57,3680,921,0.9877662253028822,0.9805840374709937,0.9489685124864278,0.9388888888888889,0.931129476584022,0.9349930843706777,0.543,0.552,0.5,2026-09-16 14:01:51,,Strong GBDT baseline on raw features (HyperAck exp 02).,,False
02bb0e3bc7fbac49,ed2c37fdc33161da54005873edeaf9edca9b9d5b6d5015ef0768ac11a9f58a73,external_projects/spambase_exp/results/ladder/03_safe_fe_log_transforms.json,external_playbook,spambase,3,fe_log_transforms,lightgbm,lightgbm,safe,none,completed,True,False,114,3680,921,0.9877662253028822,0.9805840374709937,0.9489685124864278,0.9388888888888889,0.931129476584022,0.9349930843706777,0.611,0.619,0.5,2026-09-16 14:01:53,,Add log1p transforms for skewed non-negative columns.,,False
dd5949f1b3556f8f,5c42f0c96f17be3077a8db1f985ead7126c1ae741fd0a2d9b5eb50f8401ecd1a,external_projects/spambase_exp/results/ladder/04_safe_fe_ratios.json,external_playbook,spambase,4,fe_ratios,lightgbm,lightgbm,safe,none,completed,True,False,129,3680,921,0.9863246344184761,0.9795804948709612,0.9435396308360477,0.928374655647383,0.928374655647383,0.928374655647383,0.666,0.675,0.5,2026-09-16 14:01:54,,Add pairwise intensity ratios among high-variance features.,,False
4dc10ed3ea7b2a59,d419628b7c2484abb8d49182feb8c7bedfe172fe443f2c0a73b9d2a438982570,external_projects/spambase_exp/results/ladder/05_safe_fe_interactions.json,external_playbook,spambase,5,fe_interactions,lightgbm,lightgbm,safe,none,completed,True,False,137,3680,921,0.9864579322057329,0.9770619874613685,0.9489685124864278,0.9388888888888889,0.931129476584022,0.9349930843706777,0.723,0.736,0.5,2026-09-16 14:01:56,,Multiplicative interactions among top-MI features.,,False
33d0ae882bceb8c7,fb67ab9d372d12d1cc12887e91c8719872e3c98b323ed8eb27ee45c28eaedea9,external_projects/spambase_exp/results/ladder/06_safe_fe_full_clusters_bins.json,external_playbook,spambase,6,fe_full_clusters_bins,lightgbm,lightgbm,safe,none,completed,True,False,142,3680,921,0.9857075150330283,0.9752323271203612,0.9446254071661238,0.9357541899441341,0.9228650137741047,0.9292649098474342,0.704,0.713,0.5,2026-09-16 14:01:59,,Full FE: logs+ratios+interactions+KMeans clusters+quantile bins (train-fit).,,False
961a83ce8969e04d,f858d249a059705f18e9e8dd391d9f4e84b0e6189a60a276fe144f6fc4bb3093,external_projects/spambase_exp/results/ladder/07_safe_feature_selection_mi.json,external_playbook,spambase,7,feature_selection_mi,lightgbm,lightgbm,safe,mutual_info_selection,completed,True,False,25,3680,921,0.9448270584634221,0.937007680228202,0.9077090119435396,0.9212121212121213,0.837465564738292,0.8773448773448773,0.466,0.473,0.5,2026-09-16 14:02:01,,Keep top-MI subset of full FE matrix (HyperAck exp 07).,,False
c04868314dfd168b,1c8058d4a14949d1c6c1d1c5d80c9d984b4ee3418a414a9d7186b86d3ba738f3,external_projects/spambase_exp/results/ladder/08_safe_tuned_xgboost.json,external_playbook,spambase,8,tuned_xgboost,xgboost,xgboost,safe,RandomizedSearchCV_roc_auc,completed,True,False,142,3680,921,0.9866011039031567,0.9799191127370537,0.9478827361563518,0.9387186629526463,0.928374655647383,0.9335180055401662,16.255,16.268,0.5,2026-09-16 14:02:19,,RandomizedSearchCV on XGBoost over full FE (HyperAck exp 08).,,False
745ed64fcf0ea7e4,60f72b0e03b7f6383cbebf764af3bd5c76d9506f9aa626e5c4bd48119b7933b3,external_projects/spambase_exp/results/ladder/09_safe_tuned_lightgbm.json,external_playbook,spambase,9,tuned_lightgbm,lightgbm,lightgbm,safe,RandomizedSearchCV_roc_auc,completed,True,False,142,3680,921,0.9855544694254371,0.9754444763330823,0.9511400651465798,0.9368131868131868,0.9393939393939394,0.938101788170564,55.224,55.235,0.5,2026-09-16 14:03:17,,RandomizedSearchCV on LightGBM over full FE (HyperAck exp 09).,,False
975a05e57832fc0a,98c30411a24d4dd84bc9b4456a0ebe25e6d09312afbd2f9ba8432368b052bb00,external_projects/spambase_exp/results/ladder/01_unsafe_baseline_logistic.json,external_playbook,spambase,1,baseline_logistic,logistic_regression,logistic_regression,unsafe,none,completed,True,False,57,3680,921,0.9701956021604116,0.9506949927513257,0.9294245385450597,0.9209039548022598,0.8980716253443526,0.9093444909344491,0.024,0.028,0.5,2026-09-16 14:03:51,,Floor: logistic regression on raw features.,,False
8aad359c5058c4c8,dc72af4084f43b2f471f2824ca5e81527c8e438e5893cead4d9d371759edd5a8,external_projects/spambase_exp/results/ladder/10_unsafe_hist_gradient_boosting.json,external_playbook,spambase,10,hist_gradient_boosting,hist_gradient_boosting,hist_gradient_boosting,unsafe,none,completed,True,False,142,3680,921,0.9856976411228611,0.9760277520389667,0.9467969598262758,0.9313186813186813,0.9338842975206612,0.9325997248968363,0.999,1.015,0.5,2026-09-16 14:05:24,,Sklearn HistGB on full FE (HyperAck exp 10).,,False
9fa1836c3f9c8f2a,be7ccb31d85094d9031eeb14f3d9e45022fc4e38e8571367d2f24853308c98e5,external_projects/spambase_exp/results/ladder/11_unsafe_extra_trees_strong.json,external_playbook,spambase,11,extra_trees_strong,extra_trees,extra_trees,unsafe,hand_tuned,completed,True,False,142,3680,921,0.9779367477314691,0.9712559770019384,0.9348534201954397,0.9577039274924471,0.8732782369146006,0.9135446685878963,0.58,0.65,0.5,2026-09-16 14:05:27,,"Strong ExtraTrees (n=600, depth=14) on full FE.",,False
68edb873a96e3cb8,b2bd52b87ba6c3feb2d2817633a06c87a303c6eefd56542af34e12b47f4c3147,external_projects/spambase_exp/results/ladder/12_unsafe_calibrated_lgbm_threshold.json,external_playbook,spambase,12,calibrated_lgbm_threshold,lightgbm,lightgbm,unsafe,isotonic_calibration,completed,True,False,142,3680,921,0.985295279283549,0.977362657232949,0.9500542888165038,0.9342465753424658,0.9393939393939394,0.9368131868131868,5.872,5.902,0.5,2026-09-16 14:05:35,,Isotonic-calibrated LightGBM; threshold kept at 0.5 for ranking metrics.,,False
40cadcc67efeaede,d9b5da1dd2bae7e3861db8a38a732c6c0caa7f981d0753744d9ee8476b6e439f,external_projects/spambase_exp/results/ladder/13_unsafe_stacking_ensemble.json,external_playbook,spambase,13,stacking_ensemble,stacking_ensemble,ensemble,unsafe,oof_stacking,completed,True,False,142,3680,921,0.9869220059835896,0.9807290713481015,0.9511400651465798,0.9441340782122905,0.931129476584022,0.9375866851595007,11.79,11.904,0.5,2026-09-16 14:05:48,,ET+LGBM+XGB stacked with logistic meta-learner (HyperAck exp 13).,,False
479c0700765dff1d,0aeb17c0ac29f8d6c9d1764fd0e4f07e7c2868f034a768ebf3d9fa7640058da3,external_projects/spambase_exp/results/ladder/14_unsafe_soft_vote_blend.json,external_playbook,spambase,14,soft_vote_blend,soft_vote_blend,ensemble,unsafe,soft_probability_blend,completed,True,False,142,3680,921,0.9858951193262043,0.9801299843871476,0.9511400651465798,0.9542857142857143,0.9201101928374655,0.9368863955119214,3.703,3.815,0.5,2026-09-16 14:05:54,,Soft-vote blend ET+LGBM+XGB (HyperAck exp 15 / optimized safe champion style).,,False
4f2b2ea9446e5df3,c43cf76d68e65deed4954f81256d77eae83ae256cc833825be839953d68fd4fa,external_projects/spambase_exp/results/ladder/15_unsafe_leakage_honesty_check.json,external_playbook,spambase,15,leakage_honesty_check,lightgbm,lightgbm,unsafe,none,completed,True,False,142,3680,921,0.98772179270713,0.9806021518572628,0.9489685124864278,0.9388888888888889,0.931129476584022,0.9349930843706777,1.662,1.682,0.5,2026-09-16 14:05:58,,Honesty marker: LightGBM on full FE under this mode. Compare safe vs unsafe of this id to measure leakage cost.,,False
d98b23f97c20d99d,ae952c47137ff19b3809a3fb12240f8aeb2e8225660c3f98d9f52843ba29ce4e,external_projects/spambase_exp/results/ladder/02_unsafe_baseline_lightgbm.json,external_playbook,spambase,2,baseline_lightgbm,lightgbm,lightgbm,unsafe,none,completed,True,False,57,3680,921,0.9877662253028822,0.9805840374709937,0.9489685124864278,0.9388888888888889,0.931129476584022,0.9349930843706777,0.544,0.551,0.5,2026-09-16 14:03:52,,Strong GBDT baseline on raw features (HyperAck exp 02).,,False
b0b370c2b780ca5f,cd1b0fe323f94dc7770d2ec4ece7dbf02eb71c0f693690f51a3bf964a5ef626f,external_projects/spambase_exp/results/ladder/03_unsafe_fe_log_transforms.json,external_playbook,spambase,3,fe_log_transforms,lightgbm,lightgbm,unsafe,none,completed,True,False,114,3680,921,0.9877662253028822,0.9805840374709937,0.9489685124864278,0.9388888888888889,0.931129476584022,0.9349930843706777,0.639,0.648,0.5,2026-09-16 14:03:53,,Add log1p transforms for skewed non-negative columns.,,False
50874011ee375ccc,3a26fa6e648888d1b20f0418e5f4d30ffe7491c7e1d8159dd76e4ca0d25027f1,external_projects/spambase_exp/results/ladder/04_unsafe_fe_ratios.json,external_playbook,spambase,4,fe_ratios,lightgbm,lightgbm,unsafe,none,completed,True,False,129,3680,921,0.9863246344184761,0.9795804948709612,0.9435396308360477,0.928374655647383,0.928374655647383,0.928374655647383,0.764,0.78,0.5,2026-09-16 14:03:55,,Add pairwise intensity ratios among high-variance features.,,False
74732b88095df97f,bb755bd77de2f0810940ea670510762fa4e0d3622b88127fbbe3b737a52820ca,external_projects/spambase_exp/results/ladder/05_unsafe_fe_interactions.json,external_playbook,spambase,5,fe_interactions,lightgbm,lightgbm,unsafe,none,completed,True,False,137,3680,921,0.9864579322057329,0.9770619874613685,0.9489685124864278,0.9388888888888889,0.931129476584022,0.9349930843706777,0.855,0.865,0.5,2026-09-16 14:03:57,,Multiplicative interactions among top-MI features.,,False
3832816385074ff4,caa546717e27d05aec699e4d779a3e04bd9c72f57fe3eb736fe2cd460d5bfd52,external_projects/spambase_exp/results/ladder/06_unsafe_fe_full_clusters_bins.json,external_playbook,spambase,6,fe_full_clusters_bins,lightgbm,lightgbm,unsafe,none,completed,True,False,142,3680,921,0.9857075150330283,0.9752323271203612,0.9446254071661238,0.9357541899441341,0.9228650137741047,0.9292649098474342,0.653,0.662,0.5,2026-09-16 14:04:00,,Full FE: logs+ratios+interactions+KMeans clusters+quantile bins (train-fit).,,False
087fdca71947eb36,8f52b5c6521b4754c154b60453bc158b7dfe1d52ab5ce128177f9fd7d718b7a9,external_projects/spambase_exp/results/ladder/07_unsafe_feature_selection_mi.json,external_playbook,spambase,7,feature_selection_mi,lightgbm,lightgbm,unsafe,mutual_info_selection,completed,True,False,25,3680,921,0.9448270584634221,0.937007680228202,0.9077090119435396,0.9212121212121213,0.837465564738292,0.8773448773448773,0.511,0.517,0.5,2026-09-16 14:04:02,,Keep top-MI subset of full FE matrix (HyperAck exp 07).,,False
452a18eb42d09c70,2b15861b0a04c3cc14a14dc42e86069972ea15aab9f9499dfa6b26d09eac85c6,external_projects/spambase_exp/results/ladder/08_unsafe_tuned_xgboost.json,external_playbook,spambase,8,tuned_xgboost,xgboost,xgboost,unsafe,RandomizedSearchCV_roc_auc,completed,True,False,142,3680,921,0.9866011039031567,0.9799191127370537,0.9478827361563518,0.9387186629526463,0.928374655647383,0.9335180055401662,16.659,16.673,0.5,2026-09-16 14:04:21,,RandomizedSearchCV on XGBoost over full FE (HyperAck exp 08).,,False
a1bf55aca96f167d,4a19a7d342eb685c0236542b2cd97b9e8bba082b5a0b101290cbe08aebc22e75,external_projects/spambase_exp/results/ladder/09_unsafe_tuned_lightgbm.json,external_playbook,spambase,9,tuned_lightgbm,lightgbm,lightgbm,unsafe,RandomizedSearchCV_roc_auc,completed,True,False,142,3680,921,0.9855544694254371,0.9754444763330823,0.9511400651465798,0.9368131868131868,0.9393939393939394,0.938101788170564,58.492,58.508,0.5,2026-09-16 14:05:21,,RandomizedSearchCV on LightGBM over full FE (HyperAck exp 09).,,False
0a866016bb8d2467,33cb3d314b96712a20becb22f4685933d293379e622b23fa11a6b292abf4c05a,general_pipeline/results_external/wine_quality__baseline__catboost.json,external_benchmark,wine_quality,wine_quality__baseline__catboost,catboost,catboost,catboost,external,baseline,completed,True,False,11,5197,1300,0.8730293373682723,0.9224793492999045,0.8015384615384615,0.8228571428571428,0.8748481166464156,0.8480565371024735,1.111,1.143,0.5,2026-09-16 12:42:44,,,,False
c00fe723fbf5ce78,d02ecd04281b4c729d08277ca1d66bd64fe2235a9ce14ea746f618ff08f64275,general_pipeline/results_external/wine_quality__baseline__extra_trees.json,external_benchmark,wine_quality,wine_quality__baseline__extra_trees,extra_trees,extra_trees,extra_trees,external,baseline,completed,True,False,11,5197,1300,0.9160266550509335,0.9495574330642831,0.8469230769230769,0.8537414965986394,0.9149453219927096,0.8832844574780059,0.363,0.408,0.5,2026-09-16 12:42:42,,,,False
d00875e6ea4db6fd,06648f1938cc8505b627dfe338bc23c9d59099374e82d6fadcd138b6e0887002,general_pipeline/results_external/wine_quality__baseline__hist_gradient_boosting.json,external_benchmark,wine_quality,wine_quality__baseline__hist_gradient_boosting,hist_gradient_boosting,hist_gradient_boosting,hist_gradient_boosting,external,baseline,completed,True,False,11,5197,1300,0.87857483104967,0.9235225722390518,0.8215384615384616,0.8361774744027304,0.8930741190765492,0.863689776733255,0.146,0.158,0.5,2026-09-16 12:42:42,,,,False
fef219893403873c,c31e5ae7d1794b6268d4b5b1fc012f7d2e0b4b38a521f52ed93deccb6d33de74,general_pipeline/results_external/wine_quality__baseline__lightgbm.json,external_benchmark,wine_quality,wine_quality__baseline__lightgbm,lightgbm,lightgbm,lightgbm,external,baseline,completed,True,False,11,5197,1300,0.8777520499476528,0.923079974567757,0.8115384615384615,0.8314220183486238,0.8809234507897934,0.855457227138643,0.483,0.492,0.5,2026-09-16 12:42:43,,,,False
2aae8e90fa62651a,8fae8c5e8acc9176f4c578c4a1d320b5989c0441cd8871aa9df0306b8dea0719,general_pipeline/results_external/wine_quality__baseline__logistic_regression.json,external_benchmark,wine_quality,wine_quality__baseline__logistic_regression,logistic_regression,logistic_regression,logistic_regression,external,baseline,completed,True,False,11,5197,1300,0.804450659880633,0.8815793251778415,0.7338461538461538,0.7623762376237624,0.8420413122721749,0.8002309468822171,0.128,0.136,0.5,2026-09-16 12:42:41,,,,False
0d2f8df6c4eb916e,5796ffff7ee8afd663615acd44dbf86ee2b01ccfa574dbc054f015a5e9cdc926,general_pipeline/results_external/wine_quality__baseline__random_forest.json,external_benchmark,wine_quality,wine_quality__baseline__random_forest,random_forest,random_forest,random_forest,external,baseline,completed,True,False,11,5197,1300,0.9068244979888987,0.9408720983206508,0.8430769230769231,0.8537142857142858,0.9076549210206561,0.8798586572438163,0.618,0.662,0.5,2026-09-16 12:42:42,,,,False
16a0cd7421ebc4ae,c2b0b1e5fd661495055006eaebc5182c3777b4415089003df462efbf0d60ebc5,general_pipeline/results_external/wine_quality__baseline__xgboost.json,external_benchmark,wine_quality,wine_quality__baseline__xgboost,xgboost,xgboost,xgboost,external,baseline,completed,True,False,11,5197,1300,0.8842655213961297,0.9289443550023615,0.8161538461538461,0.8379629629629629,0.8797083839611178,0.8583283935981031,0.092,0.103,0.5,2026-09-16 12:42:43,,,,False
6e97178eef58929b,b03e9e3f7c252aff0241507858dd552786ca27ed412d47a80351986b208a2478,general_pipeline/results_external/wine_quality__optimized__catboost.json,external_benchmark,wine_quality,wine_quality__optimized__catboost,catboost,catboost,catboost,external,optimized,completed,True,False,11,5197,1300,0.8810151539466746,0.9252159278163437,0.813076923076923,0.8356481481481481,0.8772782503037667,0.8559573206876111,1.949,1.965,0.5,2026-09-16 12:42:52,,,,False
3d1d4618b0ad6547,9ea5508cacecfcb78947657381b7ed94e9f5508dc4e1b299c743a3ac741e427c,general_pipeline/results_external/wine_quality__optimized__extra_trees.json,external_benchmark,wine_quality,wine_quality__optimized__extra_trees,extra_trees,extra_trees,extra_trees,external,optimized,completed,True,False,11,5197,1300,0.8667476711219118,0.9193446139053798,0.7938461538461539,0.7948990435706695,0.9088699878493317,0.8480725623582767,0.897,1.009,0.5,2026-09-16 12:42:47,,,,False
1b7142fb843a4686,e6a29c13c2c9b537f524c5020b308ba6dab00e4b485f4f2726fb57b498ee111b,general_pipeline/results_external/wine_quality__optimized__hist_gradient_boosting.json,external_benchmark,wine_quality,wine_quality__optimized__hist_gradient_boosting,hist_gradient_boosting,hist_gradient_boosting,hist_gradient_boosting,external,optimized,completed,True,False,11,5197,1300,0.8878954380226762,0.929771043447372,0.83,0.8491879350348028,0.8894289185905225,0.8688427299703264,0.929,0.994,0.5,2026-09-16 12:42:48,,,,False
afe0ca9678b3efbc,d17f9148e67244d28c4b9cee90b52bbfa7c6f5eff0361e49fc9bc22907199192,general_pipeline/results_external/wine_quality__optimized__lightgbm.json,external_benchmark,wine_quality,wine_quality__optimized__lightgbm,lightgbm,lightgbm,lightgbm,external,optimized,completed,True,False,11,5197,1300,0.8560234963866409,0.912899818119125,0.7892307692307692,0.8180764774044033,0.8578371810449574,0.8374851720047449,0.902,0.927,0.5,2026-09-16 12:42:49,,,,False
c172c5aab30bc749,ac5c38eb16150cfb6c0d900c789451023edf2b7b2652de951efdb4e868c0f44d,general_pipeline/results_external/wine_quality__optimized__logistic_regression.json,external_benchmark,wine_quality,wine_quality__optimized__logistic_regression,logistic_regression,logistic_regression,logistic_regression,external,optimized,completed,True,False,11,5197,1300,0.8044583018103731,0.8815876193700724,0.7338461538461538,0.7623762376237624,0.8420413122721749,0.8002309468822171,0.019,0.024,0.5,2026-09-16 12:42:44,,,,False
3595f5f318c2c3d0,c52ee0f30a7787ce81ddcb7952f1b0bac592ce3c05830c712763b5b5fcf67082,general_pipeline/results_external/wine_quality__optimized__random_forest.json,external_benchmark,wine_quality,wine_quality__optimized__random_forest,random_forest,random_forest,random_forest,external,optimized,completed,True,False,11,5197,1300,0.8884405623441364,0.9303489929609547,0.8138461538461539,0.8289920724801813,0.8894289185905225,0.8581477139507621,1.678,1.81,0.5,2026-09-16 12:42:46,,,,False
2d2e38192f039c30,918b95507b2516745c2a59654fdba1371162cd27176488cdfa2a32a100db48c6,general_pipeline/results_external/wine_quality__optimized__xgboost.json,external_benchmark,wine_quality,wine_quality__optimized__xgboost,xgboost,xgboost,xgboost,external,optimized,completed,True,False,11,5197,1300,0.8844209073008449,0.9283504142324476,0.8184615384615385,0.8385236447520185,0.8833535844471446,0.8603550295857988,0.584,0.604,0.5,2026-09-16 12:42:50,,,,False
9031fbb0d63395e2,e6a04129d71f9ebfbbfc83657197e53e621570e70c71240846ba9446cef43b88,external_projects/wine_quality_exp/results/ladder/01_safe_baseline_logistic.json,external_playbook,wine_quality,1,baseline_logistic,logistic_regression,logistic_regression,safe,none,completed,True,False,11,5197,1300,0.804450659880633,0.8815793251778415,0.7338461538461538,0.7623762376237624,0.8420413122721749,0.8002309468822171,0.007,0.011,0.5,2026-09-16 14:10:21,,Floor: logistic regression on raw features.,,False
aa542e414875199a,8c1908fd8dba374128440889cc43eef32f176f2387b92bf278195a747abaa018,external_projects/wine_quality_exp/results/ladder/10_safe_hist_gradient_boosting.json,external_playbook,wine_quality,10,hist_gradient_boosting,hist_gradient_boosting,hist_gradient_boosting,safe,none,completed,True,False,45,5197,1300,0.8830530018773673,0.9278870148230498,0.8107692307692308,0.8319907940161104,0.8784933171324423,0.8546099290780141,0.33,0.343,0.5,2026-09-16 14:11:34,,Sklearn HistGB on full FE (HyperAck exp 10).,,False
8c65e3acf8cd3723,dd507332f53dbea931c7a007a9d08e8617b41e9f18c89d8dd90a4d09e53589a2,external_projects/wine_quality_exp/results/ladder/11_safe_extra_trees_strong.json,external_playbook,wine_quality,11,extra_trees_strong,extra_trees,extra_trees,safe,hand_tuned,completed,True,False,45,5197,1300,0.8843954342017114,0.9248431942648441,0.8115384615384615,0.8203991130820399,0.8991494532199271,0.8579710144927536,0.895,0.965,0.5,2026-09-16 14:11:36,,"Strong ExtraTrees (n=600, depth=14) on full FE.",,False
cbf36ffd70ff50b2,24c26c6f0b2bb77adb7800b3687f8bf1396a0fdb4ca5cdf2d43dae9f97311773,external_projects/wine_quality_exp/results/ladder/12_safe_calibrated_lgbm_threshold.json,external_playbook,wine_quality,12,calibrated_lgbm_threshold,lightgbm,lightgbm,safe,isotonic_calibration,completed,True,False,45,5197,1300,0.8929251014466173,0.9336046184174672,0.8261538461538461,0.8442906574394463,0.8894289185905225,0.8662721893491124,4.055,4.097,0.5,2026-09-16 14:11:41,,Isotonic-calibrated LightGBM; threshold kept at 0.5 for ranking metrics.,,False
58671bb4f0b029ad,8fb0c89e886a3a0898fd571f05e84dde528ca9a6d5481271c2e29b107a98e8b8,external_projects/wine_quality_exp/results/ladder/13_safe_stacking_ensemble.json,external_playbook,wine_quality,13,stacking_ensemble,stacking_ensemble,ensemble,safe,oof_stacking,completed,True,False,45,5197,1300,0.8968084754095439,0.9330650424395437,0.8346153846153846,0.8502304147465438,0.8967193195625759,0.872856298048492,10.587,10.72,0.5,2026-09-16 14:11:52,,ET+LGBM+XGB stacked with logistic meta-learner (HyperAck exp 13).,,False
1bc21b2a3d05553b,293712786a4ae533c9840d9b1c43f55526dac1415f010727d162e1f6e6106863,external_projects/wine_quality_exp/results/ladder/14_safe_soft_vote_blend.json,external_playbook,wine_quality,14,soft_vote_blend,soft_vote_blend,ensemble,safe,soft_probability_blend,completed,True,False,45,5197,1300,0.883111590005375,0.9264748823917655,0.8138461538461539,0.8312428734321551,0.8857837181044957,0.8576470588235294,3.299,3.523,0.5,2026-09-16 14:11:57,,Soft-vote blend ET+LGBM+XGB (HyperAck exp 15 / optimized safe champion style).,,False
2480f6468099db1f,74455e4caf391ea5027075e5a397d717bb7a4baaf57b72f5ee74be1da1aa47be,external_projects/wine_quality_exp/results/ladder/15_safe_leakage_honesty_check.json,external_playbook,wine_quality,15,leakage_honesty_check,lightgbm,lightgbm,safe,none,completed,True,False,45,5197,1300,0.8695115023779139,0.9203845190669199,0.7976923076923077,0.8211009174311926,0.8699878493317132,0.8448377581120944,1.141,1.156,0.5,2026-09-16 14:11:59,,Honesty marker: LightGBM on full FE under this mode. Compare safe vs unsafe of this id to measure leakage cost.,,False
bb5cde6e13408817,8c65ad9ace58eb5bbfa7cf83ba3ccfb0cde1b9de8906091f14f76738097106a5,external_projects/wine_quality_exp/results/ladder/02_safe_baseline_lightgbm.json,external_playbook,wine_quality,2,baseline_lightgbm,lightgbm,lightgbm,safe,none,completed,True,False,11,5197,1300,0.8777520499476528,0.923079974567757,0.8115384615384615,0.8314220183486238,0.8809234507897934,0.855457227138643,0.348,0.354,0.5,2026-09-16 14:10:22,,Strong GBDT baseline on raw features (HyperAck exp 02).,,False
1fbf76700038a67e,3e45deae5a75eda7ae152987e524629bf7ca45e3c6360f7d9a7b931a8cb32dd9,external_projects/wine_quality_exp/results/ladder/03_safe_fe_log_transforms.json,external_playbook,wine_quality,3,fe_log_transforms,lightgbm,lightgbm,safe,none,completed,True,False,17,5197,1300,0.8777520499476528,0.923079974567757,0.8115384615384615,0.8314220183486238,0.8809234507897934,0.855457227138643,0.352,0.36,0.5,2026-09-16 14:10:22,,Add log1p transforms for skewed non-negative columns.,,False
fefb438692871d96,68e83386ddf1b67488264a3481747079b2eea935b6443853aeeef11803d57c0d,external_projects/wine_quality_exp/results/ladder/04_safe_fe_ratios.json,external_playbook,wine_quality,4,fe_ratios,lightgbm,lightgbm,safe,none,completed,True,False,32,5197,1300,0.8816417921853626,0.924888842764366,0.8084615384615385,0.8291284403669725,0.8784933171324423,0.8530973451327434,0.409,0.416,0.5,2026-09-16 14:10:23,,Add pairwise intensity ratios among high-variance features.,,False
438465143bf8ebf4,e9373e8c4e0830a6773621639db3b40ba9c64c18225f2cfe45c91b8f13869713,external_projects/wine_quality_exp/results/ladder/05_safe_fe_interactions.json,external_playbook,wine_quality,5,fe_interactions,lightgbm,lightgbm,safe,none,completed,True,False,40,5197,1300,0.887727315568394,0.9315452913040748,0.8176923076923077,0.839907192575406,0.8797083839611178,0.8593471810089021,0.435,0.443,0.5,2026-09-16 14:10:24,,Multiplicative interactions among top-MI features.,,False
223c96471905d055,ef9a10638e8af41dea80e3c000a24106329f9bfda4540abfcf8fb57bdd8bc10f,external_projects/wine_quality_exp/results/ladder/06_safe_fe_full_clusters_bins.json,external_playbook,wine_quality,6,fe_full_clusters_bins,lightgbm,lightgbm,safe,none,completed,True,False,45,5197,1300,0.885959482488518,0.9295664836772715,0.8176923076923077,0.8414918414918415,0.8772782503037667,0.8590124925639501,0.449,0.457,0.5,2026-09-16 14:10:25,,Full FE: logs+ratios+interactions+KMeans clusters+quantile bins (train-fit).,,False
920acf0170078791,f52f85452c501f6faaf8a4d89992ede26f3cb5403541306bf86a9ef416ab2b1b,external_projects/wine_quality_exp/results/ladder/07_safe_feature_selection_mi.json,external_playbook,wine_quality,7,feature_selection_mi,lightgbm,lightgbm,safe,mutual_info_selection,completed,True,False,25,5197,1300,0.8679550960208472,0.9184213249282587,0.7938461538461539,0.8284023668639053,0.850546780072904,0.8393285371702638,0.531,0.542,0.5,2026-09-16 14:10:27,,Keep top-MI subset of full FE matrix (HyperAck exp 07).,,False
dcc9c0e73251d997,4e5fc43925ec6903e223842aa4ad1efc46c1adfabfd2c9dfd9bbcf454a271201,external_projects/wine_quality_exp/results/ladder/08_safe_tuned_xgboost.json,external_playbook,wine_quality,8,tuned_xgboost,xgboost,xgboost,safe,RandomizedSearchCV_roc_auc,completed,True,False,45,5197,1300,0.8945642953758681,0.9342566918889603,0.833076923076923,0.8523255813953489,0.8906439854191981,0.8710635769459298,13.897,13.916,0.5,2026-09-16 14:10:41,,RandomizedSearchCV on XGBoost over full FE (HyperAck exp 08).,,False
a379cedb334665b8,54f2bda039949cd94e1fae4553ff325a5b813e515b9bd9489a3ee0935f1bbb39,external_projects/wine_quality_exp/results/ladder/09_safe_tuned_lightgbm.json,external_playbook,wine_quality,9,tuned_lightgbm,lightgbm,lightgbm,safe,RandomizedSearchCV_roc_auc,completed,True,False,45,5197,1300,0.8909420206790618,0.9329986596250619,0.8246153846153846,0.8423475258918297,0.8894289185905225,0.8652482269503546,50.428,50.451,0.5,2026-09-16 14:11:33,,RandomizedSearchCV on LightGBM over full FE (HyperAck exp 09).,,False
eccf65e9c2298163,ec7bcc0a167b06b0ff3372b93e60a2c77e49fb45300b42ded357049e96927d50,external_projects/wine_quality_exp/results/ladder/01_unsafe_baseline_logistic.json,external_playbook,wine_quality,1,baseline_logistic,logistic_regression,logistic_regression,unsafe,none,completed,True,False,11,5197,1300,0.804450659880633,0.8815793251778415,0.7338461538461538,0.7623762376237624,0.8420413122721749,0.8002309468822171,0.011,0.016,0.5,2026-09-16 14:11:59,,Floor: logistic regression on raw features.,,False
f480a4ec33d7b329,6b8ac7cae4bad3c06e64b12b03399719997b84d9a7d1e492223831e8c37bc7ee,external_projects/wine_quality_exp/results/ladder/10_unsafe_hist_gradient_boosting.json,external_playbook,wine_quality,10,hist_gradient_boosting,hist_gradient_boosting,hist_gradient_boosting,unsafe,none,completed,True,False,45,5197,1300,0.8830530018773673,0.9278870148230498,0.8107692307692308,0.8319907940161104,0.8784933171324423,0.8546099290780141,0.319,0.331,0.5,2026-09-16 14:13:10,,Sklearn HistGB on full FE (HyperAck exp 10).,,False
720828af301a0c13,8e10ad23f2baea0a250a12215689d5f342998f536c771563424502a5d73ab2cc,external_projects/wine_quality_exp/results/ladder/11_unsafe_extra_trees_strong.json,external_playbook,wine_quality,11,extra_trees_strong,extra_trees,extra_trees,unsafe,hand_tuned,completed,True,False,45,5197,1300,0.8843954342017114,0.9248431942648441,0.8115384615384615,0.8203991130820399,0.8991494532199271,0.8579710144927536,0.894,0.964,0.5,2026-09-16 14:13:12,,"Strong ExtraTrees (n=600, depth=14) on full FE.",,False
87750de200c7d1e4,e8fb836f29b1d10f012f3337b1931cc77e50af18ea7abc3faebd9e31be4918c7,external_projects/wine_quality_exp/results/ladder/12_unsafe_calibrated_lgbm_threshold.json,external_playbook,wine_quality,12,calibrated_lgbm_threshold,lightgbm,lightgbm,unsafe,isotonic_calibration,completed,True,False,45,5197,1300,0.8929251014466173,0.9336046184174672,0.8261538461538461,0.8442906574394463,0.8894289185905225,0.8662721893491124,3.938,3.973,0.5,2026-09-16 14:13:17,,Isotonic-calibrated LightGBM; threshold kept at 0.5 for ranking metrics.,,False
68486b5d3d1ebaeb,d6610bd05b8a593f85ecda06e490a9f96c3ce147cf90f2cbece90c6e8abf20cf,external_projects/wine_quality_exp/results/ladder/13_unsafe_stacking_ensemble.json,external_playbook,wine_quality,13,stacking_ensemble,stacking_ensemble,ensemble,unsafe,oof_stacking,completed,True,False,45,5197,1300,0.8968084754095439,0.9330650424395437,0.8346153846153846,0.8502304147465438,0.8967193195625759,0.872856298048492,9.684,9.804,0.5,2026-09-16 14:13:27,,ET+LGBM+XGB stacked with logistic meta-learner (HyperAck exp 13).,,False
b90e566fa38ed3dd,e2362ba6068ef6b4942a0cf295ff3cf26bd9f6735931ff451bd1391ed8400924,external_projects/wine_quality_exp/results/ladder/14_unsafe_soft_vote_blend.json,external_playbook,wine_quality,14,soft_vote_blend,soft_vote_blend,ensemble,unsafe,soft_probability_blend,completed,True,False,45,5197,1300,0.883111590005375,0.9264748823917655,0.8138461538461539,0.8312428734321551,0.8857837181044957,0.8576470588235294,3.493,3.592,0.5,2026-09-16 14:13:32,,Soft-vote blend ET+LGBM+XGB (HyperAck exp 15 / optimized safe champion style).,,False
579d5c517e21237b,e8f1f3422e9e2d6ef5781b37f7aa4be9488bd1e59f9b12b7a3200f169b1461ef,external_projects/wine_quality_exp/results/ladder/15_unsafe_leakage_honesty_check.json,external_playbook,wine_quality,15,leakage_honesty_check,lightgbm,lightgbm,unsafe,none,completed,True,False,45,5197,1300,0.8695115023779139,0.9203845190669199,0.7976923076923077,0.8211009174311926,0.8699878493317132,0.8448377581120944,1.134,1.149,0.5,2026-09-16 14:13:34,,Honesty marker: LightGBM on full FE under this mode. Compare safe vs unsafe of this id to measure leakage cost.,,False
69b9e9aa2e9d0105,9b4afe036b58345643aa128fbffbe5e08142a467170d609e49fae776bcdee8d8,external_projects/wine_quality_exp/results/ladder/02_unsafe_baseline_lightgbm.json,external_playbook,wine_quality,2,baseline_lightgbm,lightgbm,lightgbm,unsafe,none,completed,True,False,11,5197,1300,0.8777520499476528,0.923079974567757,0.8115384615384615,0.8314220183486238,0.8809234507897934,0.855457227138643,0.467,0.476,0.5,2026-09-16 14:11:59,,Strong GBDT baseline on raw features (HyperAck exp 02).,,False
176573bad2b51745,f2aeac3792f34ab7a87856d6c8587e0961fe5bb13b2357d411d7622eb29be38a,external_projects/wine_quality_exp/results/ladder/03_unsafe_fe_log_transforms.json,external_playbook,wine_quality,3,fe_log_transforms,lightgbm,lightgbm,unsafe,none,completed,True,False,17,5197,1300,0.8777520499476528,0.923079974567757,0.8115384615384615,0.8314220183486238,0.8809234507897934,0.855457227138643,0.466,0.475,0.5,2026-09-16 14:12:00,,Add log1p transforms for skewed non-negative columns.,,False
d260669725c34ff2,498499535c66de443184ebab2c95e6306288926260b85914e176aff793f024dd,external_projects/wine_quality_exp/results/ladder/04_unsafe_fe_ratios.json,external_playbook,wine_quality,4,fe_ratios,lightgbm,lightgbm,unsafe,none,completed,True,False,32,5197,1300,0.8816417921853626,0.924888842764366,0.8084615384615385,0.8291284403669725,0.8784933171324423,0.8530973451327434,0.473,0.481,0.5,2026-09-16 14:12:01,,Add pairwise intensity ratios among high-variance features.,,False
227bf969fb7f556e,baaed296f93d0214e1f214fb81895d60bc200c5de8a9ab175982b62c424fd431,external_projects/wine_quality_exp/results/ladder/05_unsafe_fe_interactions.json,external_playbook,wine_quality,5,fe_interactions,lightgbm,lightgbm,unsafe,none,completed,True,False,40,5197,1300,0.887727315568394,0.9315452913040748,0.8176923076923077,0.839907192575406,0.8797083839611178,0.8593471810089021,0.479,0.487,0.5,2026-09-16 14:12:02,,Multiplicative interactions among top-MI features.,,False
e9aaf9ea9336bb05,f8438aa520a9ae7eb9d5ca45d6ac9bf96c19d7a9e98d21bf37c0a3bd4ae1406c,external_projects/wine_quality_exp/results/ladder/06_unsafe_fe_full_clusters_bins.json,external_playbook,wine_quality,6,fe_full_clusters_bins,lightgbm,lightgbm,unsafe,none,completed,True,False,45,5197,1300,0.885959482488518,0.9295664836772715,0.8176923076923077,0.8414918414918415,0.8772782503037667,0.8590124925639501,0.41,0.421,0.5,2026-09-16 14:12:03,,Full FE: logs+ratios+interactions+KMeans clusters+quantile bins (train-fit).,,False
3deb78b463052821,f1da0180d9de2691f3d42d4dc3e82526990e2003e8740a95fd3b4190729bf524,external_projects/wine_quality_exp/results/ladder/07_unsafe_feature_selection_mi.json,external_playbook,wine_quality,7,feature_selection_mi,lightgbm,lightgbm,unsafe,mutual_info_selection,completed,True,False,25,5197,1300,0.8679550960208472,0.9184213249282587,0.7938461538461539,0.8284023668639053,0.850546780072904,0.8393285371702638,0.465,0.474,0.5,2026-09-16 14:12:04,,Keep top-MI subset of full FE matrix (HyperAck exp 07).,,False
11520002ffae02f4,cd80727f9b4a9fbe424b0f0e75fc280d20ceafef3e6d6ea4e80f1bc6764b4a58,external_projects/wine_quality_exp/results/ladder/08_unsafe_tuned_xgboost.json,external_playbook,wine_quality,8,tuned_xgboost,xgboost,xgboost,unsafe,RandomizedSearchCV_roc_auc,completed,True,False,45,5197,1300,0.8945642953758681,0.9342566918889603,0.833076923076923,0.8523255813953489,0.8906439854191981,0.8710635769459298,13.742,13.776,0.5,2026-09-16 14:12:19,,RandomizedSearchCV on XGBoost over full FE (HyperAck exp 08).,,False
1c6af6d7b64ffac8,e0db5610050297f039f1b40314f7b15fa095b4290c6559e51a44b522914e8d44,external_projects/wine_quality_exp/results/ladder/09_unsafe_tuned_lightgbm.json,external_playbook,wine_quality,9,tuned_lightgbm,lightgbm,lightgbm,unsafe,RandomizedSearchCV_roc_auc,completed,True,False,45,5197,1300,0.8909420206790618,0.9329986596250619,0.8246153846153846,0.8423475258918297,0.8894289185905225,0.8652482269503546,48.965,48.985,0.5,2026-09-16 14:13:09,,RandomizedSearchCV on LightGBM over full FE (HyperAck exp 09).,,False
